District,School,Accountability,Needs,School_exp,Classroom_Salary,Other_Inst_Salary,Inst_Benefits,Prof_Dev,Admin_Salary,Admin_Benefits,Other_Salaries,Other_Benefits,Other_Exp
NYC GEOG DIST # 1 - MANHATTAN,BARD HIGH SCHOOL EARLY COLLEGE,Good,1,20439.24,5960.94,1107.47,3541.65,0.0,716.48,359.0,541.6,271.37,220.97
NYC GEOG DIST # 1 - MANHATTAN,CASCADES HIGH SCHOOL,Good,1,31103.48,8514.1,2229.56,5383.14,0.0,2144.92,1074.72,1810.42,907.11,1319.76
NYC GEOG DIST # 1 - MANHATTAN,EAST SIDE COMMUNITY SCHOOL,Good,1,24051.15,7287.4,1813.56,4560.06,0.0,677.47,339.45,756.7,379.15,517.59
NYC GEOG DIST # 1 - MANHATTAN,FORSYTHE SATELLITE ACADEMY,Good,1,33921.1,10945.17,2096.84,6534.73,74.07,1344.76,673.8,2146.33,1075.43,1310.2
NYC GEOG DIST # 1 - MANHATTAN,LOWER EAST SIDE PREP HS,Target,1,25966.91,6970.69,1955.56,4472.52,0.75,1197.43,599.98,893.78,447.83,1708.6
NYC GEOG DIST # 1 - MANHATTAN,"NEW EXPLORATIONS SCI, TECH & MATH",Good,1,18346.26,5090.89,891.17,2997.33,16.18,422.19,211.54,439.18,220.05,337.96
NYC GEOG DIST # 1 - MANHATTAN,ORCHARD COLLEGIATE ACADEMY,Good,1,24625.47,6227.89,1748.42,3996.55,422.03,1075.48,538.87,42.1,21.09,2833.25
NYC GEOG DIST # 1 - MANHATTAN,UNIVERSITY NEIGHBORHOOD HIGH SCHOOL,Good,1,23121.02,5465.69,1920.93,3701.09,2.27,826.51,414.13,816.58,409.15,1844.92
NYC GEOG DIST # 2 - MANHATTAN,ACADEMY FOR SOFTWARE ENGINEERING,Good,1,24749.1,6800.94,1867.93,4343.56,32.69,990.69,496.39,1016.44,509.29,971.42
NYC GEOG DIST # 2 - MANHATTAN,AMERICAN SIGN LANG & ENG SECONDAR,Good,1,32104.29,9700.74,2126.74,5926.19,0.0,2141.36,1072.93,1138.89,570.64,1707.03
NYC GEOG DIST # 2 - MANHATTAN,ART AND DESIGN HIGH SCHOOL,Good,1,21325.93,5683.82,1173.86,3436.06,9.34,796.4,399.04,646.09,323.72,1137.83
NYC GEOG DIST # 2 - MANHATTAN,BARUCH COLLEGE CAMPUS HIGH SCHOOL,Good,1,19273.77,4771.83,981.2,2882.57,23.33,929.55,465.75,704.81,353.15,441.82
NYC GEOG DIST # 2 - MANHATTAN,BUSINESS OF SPORTS SCHOOL,Good,1,23648.77,6311.8,1224.01,3775.84,0.0,1095.15,548.73,1097.38,549.85,1326.25
NYC GEOG DIST # 2 - MANHATTAN,CHELSEA CAREER AND TECH ED HS,Good,1,25163.46,6906.33,1485.8,4204.9,0.0,1024.36,513.26,1081.04,541.66,1686.36
NYC GEOG DIST # 2 - MANHATTAN,CLINTON SCHOOL,Good,1,20501.81,5880.73,1315.34,3605.61,0.0,551.64,276.4,468.45,234.72,449.15
NYC GEOG DIST # 2 - MANHATTAN,ELEANOR ROOSEVELT HIGH SCHOOL,Good,1,20036.97,5912.38,692.31,3309.3,43.88,752.85,377.22,398.96,199.9,630.42
NYC GEOG DIST # 2 - MANHATTAN,EMMA LAZARUS HIGH SCHOOL,Good,1,27237.51,6984.58,1275.7,4138.84,0.0,2040.16,1022.23,1233.17,617.89,2205.19
NYC GEOG DIST # 2 - MANHATTAN,ESSEX STREET ACADEMY,Good,1,22944.32,6449.75,1323.49,3894.8,53.62,854.16,427.98,909.12,455.51,856.12
NYC GEOG DIST # 2 - MANHATTAN,FACING HISTORY SCHOOL,Good,1,27702.75,7168.18,1959.72,4573.56,0.0,1046.07,524.14,1230.42,616.5,2864.4
NYC GEOG DIST # 2 - MANHATTAN,FOOD AND FINANCE HIGH SCHOOL,Good,1,23091.0,6911.46,747.6,3837.59,10.14,793.55,397.61,826.0,413.87,1433.4
NYC GEOG DIST # 2 - MANHATTAN,GRAMERCY ARTS HIGH SCHOOL,Good,1,21485.89,5436.05,1595.63,3523.24,38.85,712.23,356.86,433.57,217.24,1452.45
NYC GEOG DIST # 2 - MANHATTAN,HARVEST COLLEGIATE HIGH SCHOOL,Good,1,23094.8,7097.84,1154.76,4134.99,65.92,934.85,468.41,464.2,232.59,821.48
NYC GEOG DIST # 2 - MANHATTAN,HARVEY MILK HIGH SCHOOL,Good,1,47311.31,13611.79,1669.0,7656.48,0.0,5836.16,2924.22,3905.64,1956.93,2031.33
NYC GEOG DIST # 2 - MANHATTAN,HIGH SCHOOL OF FASHION INDUSTRIES,Good,1,20917.74,5225.73,977.42,3108.11,3.51,988.08,495.08,608.95,305.12,1485.99
NYC GEOG DIST # 2 - MANHATTAN,HIGH SCHOOL OF HOSPITALITY MGMNT,Good,1,23366.18,6580.82,1336.68,3967.09,64.59,1066.54,534.4,1116.92,559.64,419.73
NYC GEOG DIST # 2 - MANHATTAN,HIGH SCHOOL-CLIMATE JUSTICE,Good,1,24534.38,7508.6,1549.43,4538.55,98.69,892.52,447.2,952.35,477.18,350.11
NYC GEOG DIST # 2 - MANHATTAN,HIGH SCHOOL-LANGUAGE AND DIPLOMACY,Good,1,23878.4,6267.72,1457.73,3870.86,175.37,2029.34,1016.81,481.2,241.11,618.5
NYC GEOG DIST # 2 - MANHATTAN,HS FOR ENVIRONMENTAL STUDIES,Good,1,19567.12,5380.6,686.98,3040.18,12.34,699.88,350.68,599.63,300.45,776.62
NYC GEOG DIST # 2 - MANHATTAN,HS OF ECONOMICS & FINANCE,Good,1,20071.76,5305.76,1200.34,3259.9,3.73,656.49,328.94,538.91,270.02,787.91
NYC GEOG DIST # 2 - MANHATTAN,HS-DUAL LANGUAGE & ASIAN STUDIES,Good,1,19244.3,4717.41,875.32,2802.25,0.0,942.52,472.25,577.76,289.49,847.53
NYC GEOG DIST # 2 - MANHATTAN,HS-HEALTH PROFESSIONS & HUMAN SVCS,Good,1,18733.38,4972.11,743.68,2863.91,1.95,657.9,329.64,449.4,225.18,769.85
NYC GEOG DIST # 2 - MANHATTAN,HUDSON HS OF LEARNING TECHNOLOGIES,Good,1,26410.18,6450.44,2363.43,4416.21,30.82,1228.21,615.4,1619.98,811.7,1154.23
NYC GEOG DIST # 2 - MANHATTAN,HUMANITIES PREP ACADEMY,Good,1,24557.0,6733.12,1393.45,4071.84,0.0,1296.91,649.82,1305.85,654.3,731.96
NYC GEOG DIST # 2 - MANHATTAN,INDEPENDENCE HIGH SCHOOL,Target,1,31062.76,8589.31,2440.54,5526.54,0.0,2091.38,1047.89,771.68,386.66,2489.0
NYC GEOG DIST # 2 - MANHATTAN,INST FOR COLLABORATIVE EDUCATION,Good,1,18877.36,5418.65,913.87,3172.93,0.0,591.39,296.32,352.66,176.7,235.09
NYC GEOG DIST # 2 - MANHATTAN,INTERNATIONAL HS AT UNION SQUARE,Good,1,26926.38,8005.19,1009.37,4516.77,0.0,1106.05,554.19,1816.69,910.25,1288.12
NYC GEOG DIST # 2 - MANHATTAN,JACQUELINE KENNEDY-ONASSIS HS,Good,1,29548.21,8816.57,1567.96,5203.2,0.0,1725.56,864.6,1109.44,555.89,1985.25
NYC GEOG DIST # 2 - MANHATTAN,JAMES BALDWIN SCHOOL,Good,1,28722.69,8589.25,1938.96,5275.19,261.17,966.41,484.22,1672.18,837.85,977.7
NYC GEOG DIST # 2 - MANHATTAN,LANDMARK HIGH SCHOOL,Good,1,23616.93,6378.46,1627.45,4011.38,108.13,1190.79,596.65,670.95,336.18,977.18
NYC GEOG DIST # 2 - MANHATTAN,LEADERSHIP & PUBLIC SERVICE HS,Target,1,24015.1,6344.5,1423.2,3892.03,0.0,1599.9,801.63,1145.81,574.11,514.15
NYC GEOG DIST # 2 - MANHATTAN,LIBERTY HS ACADEMY-NEWCOMERS,Good,1,25024.5,7192.65,1025.07,4117.51,11.8,1229.57,616.08,1346.14,674.49,1091.44
NYC GEOG DIST # 2 - MANHATTAN,LOWER MANHATTAN ARTS ACADEMY,Good,1,24632.08,6387.51,2059.19,4232.24,11.14,1046.94,524.57,946.95,474.47,1229.3
NYC GEOG DIST # 2 - MANHATTAN,MANHATTAN ACAD-ARTS AND LANGUAGE,Good,1,27647.72,7477.98,1189.83,4343.03,12.76,2534.09,1269.71,1368.37,685.63,1046.55
NYC GEOG DIST # 2 - MANHATTAN,MANHATTAN BRIDGES HIGH SCHOOL,Good,1,21172.05,5634.43,1124.0,3386.33,47.42,897.16,449.52,601.2,301.24,1010.99
NYC GEOG DIST # 2 - MANHATTAN,MANHATTAN BUSINESS ACADEMY,Good,1,23043.46,6412.41,1283.13,3855.87,0.0,1256.44,629.54,617.28,309.29,959.73
NYC GEOG DIST # 2 - MANHATTAN,MANHATTAN EARLY COLLEGE SCH-ADVERTIS,Good,1,22120.75,6292.64,832.46,3570.05,97.83,1049.21,525.71,652.35,326.86,1053.87
NYC GEOG DIST # 2 - MANHATTAN,MANHATTAN INTERNATIONAL HIGH SCHOOL,Good,1,24943.31,7006.51,1494.85,4259.63,75.44,1318.62,660.7,1100.32,551.32,756.14
NYC GEOG DIST # 2 - MANHATTAN,MANHATTAN VILLAGE ACADEMY,Good,1,19006.63,5561.48,580.96,3077.69,0.0,679.16,340.3,179.11,89.75,778.43
NYC GEOG DIST # 2 - MANHATTAN,MILLENNIUM HIGH SCHOOL,Good,1,18119.48,5428.64,481.73,2961.4,0.0,475.55,238.27,367.11,183.94,263.07
NYC GEOG DIST # 2 - MANHATTAN,MURRAY HILL ACADEMY,Good,1,26747.56,7621.04,1690.54,4665.59,181.28,1354.57,678.71,1196.0,599.26,1040.81
NYC GEOG DIST # 2 - MANHATTAN,MURRY BERGTRAUM HS-BUSINESS CAREERS,Good,1,40761.78,12279.4,4461.17,8387.91,0.0,1252.14,627.38,2659.86,1332.72,2041.45
NYC GEOG DIST # 2 - MANHATTAN,NEW DESIGN HIGH SCHOOL,Good,1,24151.29,7304.18,1640.49,4481.75,24.56,833.97,417.86,667.77,334.59,726.38
NYC GEOG DIST # 2 - MANHATTAN,NYC ISCHOOL,Good,1,20907.36,6259.96,796.56,3535.69,0.0,687.8,344.62,665.76,333.58,563.63
NYC GEOG DIST # 2 - MANHATTAN,NYC LAB HS-COLLABORATIVE STUDIES,Good,1,27142.08,8204.7,2818.78,5523.34,39.4,632.83,317.08,739.45,370.5,776.24
NYC GEOG DIST # 2 - MANHATTAN,NYC MUSEUM SCHOOL,Good,1,21209.5,6470.78,994.42,3740.46,0.0,660.69,331.04,421.05,210.97,660.31
NYC GEOG DIST # 2 - MANHATTAN,PACE HIGH SCHOOL,Good,1,22175.07,6421.41,1204.09,3820.78,34.25,1051.11,526.66,557.59,279.38,560.03
NYC GEOG DIST # 2 - MANHATTAN,PROFESSIONAL PERF ARTS HIGH SCHOOL,Good,1,20252.59,5382.17,653.97,3024.42,0.0,611.73,306.51,258.86,129.7,2165.47
NYC GEOG DIST # 2 - MANHATTAN,QUEST TO LEARN,Target,1,24190.96,6843.14,1729.08,4295.13,41.6,783.35,392.5,983.18,492.63,910.6
NYC GEOG DIST # 2 - MANHATTAN,REPERTORY COMPANY HS FOR THEATRE ART,Good,1,23688.13,6074.47,913.51,3501.35,0.0,1871.04,937.49,1217.06,609.81,843.65
NYC GEOG DIST # 2 - MANHATTAN,RICHARD R GREEN HS OF TEACHING,Good,1,26065.2,7852.6,1204.73,4538.2,0.0,1184.28,593.39,1236.55,619.58,1116.11
NYC GEOG DIST # 2 - MANHATTAN,SCHOOL OF THE FUTURE HIGH SCHOOL,Good,1,21310.09,5884.36,1197.71,3548.49,0.0,595.99,298.62,878.44,440.15,746.58
NYC GEOG DIST # 2 - MANHATTAN,STEPHEN T MATHER BLDG ARTS-CRAFTSMAN,Good,1,27629.07,8595.85,1799.59,5208.66,75.42,1111.93,557.13,951.28,476.64,1132.8
NYC GEOG DIST # 2 - MANHATTAN,STUYVESANT HIGH SCHOOL,Good,1,17793.97,4676.43,670.64,2679.17,0.04,455.1,228.03,610.5,305.89,448.4
NYC GEOG DIST # 2 - MANHATTAN,TALENT UNLIMITED HIGH SCHOOL,Good,1,21351.72,6124.01,791.25,3464.91,0.69,869.48,435.65,707.72,354.61,883.64
NYC GEOG DIST # 2 - MANHATTAN,UNION SQUARE ACAD FOR HEALTH SCIENCE,Good,1,23042.75,6075.49,1648.18,3869.96,0.0,1136.77,569.58,543.01,272.08,1207.92
NYC GEOG DIST # 2 - MANHATTAN,UNITY CENTER FOR URBAN TECHNOLOGIES,Good,1,21593.0,4547.3,1476.69,3018.34,43.77,1652.27,827.87,751.61,376.6,1178.79
NYC GEOG DIST # 2 - MANHATTAN,URBAN ACAD LABORATORY HIGH SCHOOL,Good,1,31346.38,11527.32,1924.46,6740.05,26.95,1314.3,658.54,724.01,362.77,348.21
NYC GEOG DIST # 2 - MANHATTAN,URBAN ACADEMY-GOVERNMENT & LAW,Good,1,22298.59,5384.7,1742.6,3571.15,0.0,1435.93,719.48,330.94,165.82,1228.2
NYC GEOG DIST # 2 - MANHATTAN,URBAN ASSEMBLY GATEWAY SCHOOL-TECH,Good,1,24093.95,6858.52,1330.71,4103.23,0.0,664.94,333.17,1056.44,529.33,1497.86
NYC GEOG DIST # 2 - MANHATTAN,URBAN ASSEMBLY MAKER ACADEMY,Good,1,22176.59,5901.32,1124.2,3520.16,10.42,1159.35,580.89,708.79,355.14,1096.56
NYC GEOG DIST # 2 - MANHATTAN,URBAN ASSEMBLY NY HARBOR SCHOOL,Good,1,24348.15,7271.42,1588.86,4439.46,0.0,1114.84,558.59,567.75,284.48,802.99
NYC GEOG DIST # 2 - MANHATTAN,URBAN ASSEMBLY-EMERGENCY MANAGEMENT,Good,1,24171.25,6948.02,1621.45,4293.76,0.0,1338.03,670.43,349.45,175.09,1055.26
NYC GEOG DIST # 2 - MANHATTAN,URBAN ASSMBLY SCH-DESIGN & CONST,Good,1,26015.03,7302.58,1987.15,4654.64,16.54,1232.71,617.65,984.19,493.13,1006.68
NYC GEOG DIST # 2 - MANHATTAN,URBAN SCH-BUSINESS-YNG WOMEN,Good,1,26050.51,6595.48,1881.94,4247.64,0.83,1389.52,696.22,1336.97,669.9,1512.24
NYC GEOG DIST # 2 - MANHATTAN,VANGUARD HIGH SCHOOL,Good,1,23248.62,7250.09,1116.49,4192.09,1.5,692.76,347.11,762.3,381.95,784.56
NYC GEOG DIST # 3 - MANHATTAN,BEACON HIGH SCHOOL,Good,1,17495.09,4962.26,628.16,2801.1,0.19,294.58,147.6,527.93,264.52,148.98
NYC GEOG DIST # 3 - MANHATTAN,EDWARD A REYNOLDS WEST SIDE HS,Good,1,44654.69,15640.69,2345.93,9012.25,379.95,2286.73,1145.78,3125.17,1565.87,1432.55
NYC GEOG DIST # 3 - MANHATTAN,FIORELLO H LAGUARDIA HIGH SCHOOL,Good,1,19148.81,5749.95,544.54,3153.87,0.0,629.53,315.43,406.15,203.5,426.07
NYC GEOG DIST # 3 - MANHATTAN,FRANK MCCOURT HIGH SCHOOL,Good,1,19001.83,5401.23,583.03,2998.43,0.0,721.49,361.5,451.04,226.0,539.33
NYC GEOG DIST # 3 - MANHATTAN,FREDERICK DOUGLASS ACADEMY II,Good,1,26311.69,7164.63,1542.62,4362.79,3.09,1310.24,656.5,1346.06,674.45,1531.56
NYC GEOG DIST # 3 - MANHATTAN,GLOBAL LEARNING COLLABORATIVE,Good,1,22045.31,6260.46,1502.18,3889.49,14.8,713.79,357.64,384.81,192.81,1009.55
NYC GEOG DIST # 3 - MANHATTAN,HIGH SCHOOL-ARTS AND TECHNOLOGY,CSI,1,25858.21,6848.9,1417.26,4141.78,2.61,1384.46,693.69,1596.37,799.87,1253.49
NYC GEOG DIST # 3 - MANHATTAN,HS-LAW ADVCY & COMM JUSTICE,Good,1,23004.99,6528.1,1388.13,3966.45,2.99,1165.3,583.88,619.39,310.35,720.66
NYC GEOG DIST # 3 - MANHATTAN,MANHATTAN/HUNTER SCIENCE HS,Good,1,19814.2,5198.55,721.3,2966.16,15.74,1083.67,542.98,674.21,337.81,554.01
NYC GEOG DIST # 3 - MANHATTAN,MAXINE GREENE HS-IMAGINATIVE INQUIRY,Good,1,30755.73,10737.36,1859.94,6311.91,9.02,1673.09,838.3,655.39,328.39,622.56
NYC GEOG DIST # 3 - MANHATTAN,SPECIAL MUSIC SCHOOL,Good,1,23136.24,7363.78,950.58,4165.93,0.0,1084.86,543.57,417.81,209.35,680.59
NYC GEOG DIST # 3 - MANHATTAN,URBAN ASSEMBLY FOR GREEN CAREERS,Good,1,27569.85,7788.44,1509.98,4659.0,0.0,1386.64,694.78,1659.24,831.36,1320.67
NYC GEOG DIST # 3 - MANHATTAN,URBAN ASSMBLY SCH-MEDIA STUDIES,Good,1,24419.65,6601.73,1595.47,4107.23,5.6,1291.52,647.12,620.06,310.69,1520.46
NYC GEOG DIST # 3 - MANHATTAN,WADLEIGH PERF AND VISUAL ARTS,Good,1,28150.3,8313.17,1697.7,5015.97,125.35,1231.36,616.98,966.77,484.4,1978.83
NYC GEOG DIST # 3 - MANHATTAN,WEST END SECONDARY SCHOOL,Good,1,21206.7,5940.87,1223.07,3589.51,108.96,773.18,387.4,487.58,244.3,732.06
NYC GEOG DIST # 4 - MANHATTAN,CENTRAL PARK EAST HIGH SCHOOL,Good,1,21466.34,5872.97,1281.69,3584.86,50.1,914.25,458.09,689.49,345.47,549.66
NYC GEOG DIST # 4 - MANHATTAN,ESPERANZA PREPARATORY ACADEMY,Target,1,30441.05,8684.01,3299.35,6004.29,0.0,992.7,497.4,1032.79,517.48,1693.26
NYC GEOG DIST # 4 - MANHATTAN,HERITAGE SCHOOL,Good,1,23125.64,6152.52,791.1,3479.12,6.27,1530.7,766.96,705.89,353.69,1619.62
NYC GEOG DIST # 4 - MANHATTAN,JUDITH S KAYE SCHOOL,Good,1,46449.0,11118.48,3791.64,7470.76,0.0,3879.87,1944.02,5154.16,2582.5,2787.82
NYC GEOG DIST # 4 - MANHATTAN,MANHATTAN CENTER-SCIENCE & MATH,Good,1,19546.67,4753.04,1251.42,3008.55,29.76,875.54,438.69,458.39,229.68,781.84
NYC GEOG DIST # 4 - MANHATTAN,PARK EAST HIGH SCHOOL,Good,1,23914.78,7654.82,961.52,4317.24,0.0,1251.4,627.02,635.49,318.41,429.12
NYC GEOG DIST # 4 - MANHATTAN,YOUNG WOMEN'S LEADERSHIP SCHOOL,Good,1,20352.48,6004.9,818.21,3418.74,0.0,938.52,470.25,402.73,201.79,377.59
NYC GEOG DIST # 5 - MANHATTAN,COLUMBIA SECONDARY SCHOOL,Good,1,20879.89,5894.22,1799.18,3854.8,0.0,491.61,246.32,303.63,152.13,418.23
NYC GEOG DIST # 5 - MANHATTAN,EAGLE ACAD-YOUNG MEN-HARLEM,CSI,1,27301.93,8417.32,2367.54,5403.79,0.0,1024.39,513.27,984.84,493.46,377.56
NYC GEOG DIST # 5 - MANHATTAN,FREDERICK DOUGLASS ACADEMY,CSI,1,22351.81,6705.25,1681.97,4202.44,0.0,524.53,262.81,639.56,320.45,295.04
NYC GEOG DIST # 5 - MANHATTAN,HARLEM RENAISSANCE HIGH SCHOOL,Target,1,42371.43,14322.81,5020.5,9692.02,0.0,1419.81,711.4,1448.3,725.67,1311.15
NYC GEOG DIST # 5 - MANHATTAN,HS MATH SCI & ENGNRNG AT CCNY,Good,1,21626.06,6720.62,785.34,3760.88,0.0,694.05,347.76,643.61,322.48,631.56
NYC GEOG DIST # 5 - MANHATTAN,MOTT HALL HIGH SCHOOL,Target,1,22760.15,6178.26,1603.51,3899.08,36.37,947.18,474.59,508.43,254.75,1138.22
NYC GEOG DIST # 5 - MANHATTAN,THURGOOD MARSHALL ACAD FOR LEARNING,Good,1,24611.25,8244.5,1678.04,4971.72,0.0,745.15,373.36,403.3,202.08,273.35
NYC GEOG DIST # 5 - MANHATTAN,URBAN ASSEMBLY FOR THE PERFORM ARTS,Good,1,23497.82,6009.92,1774.4,3900.36,7.96,877.0,439.42,1418.0,710.49,640.51
NYC GEOG DIST # 5 - MANHATTAN,URBAN ASSEMBLY-GLOBAL COMMERCE,Target,1,29300.74,8967.73,2188.07,5589.65,0.0,1634.7,819.07,922.58,462.26,996.93
NYC GEOG DIST # 6 - MANHATTAN,A PHILIP RANDOLPH CAMPUS HIGH SCHOOL,Good,1,21322.18,5559.35,1170.16,3371.84,0.0,896.29,449.09,793.91,397.79,963.98
NYC GEOG DIST # 6 - MANHATTAN,CITY COLLEGE ACADEMY OF THE ARTS,Good,1,21733.16,5824.79,1261.17,3550.44,1.6,1021.29,511.72,565.46,283.33,993.59
NYC GEOG DIST # 6 - MANHATTAN,COLLEGE ACADEMY,Good,1,28703.12,7996.24,2511.92,5265.15,13.98,1994.92,999.56,769.83,385.72,1046.03
NYC GEOG DIST # 6 - MANHATTAN,COMMUNITY HEALTH ACAD OF THE HEIGHTS,Good,1,23032.09,6916.85,1090.08,4011.89,0.0,698.33,349.9,696.0,348.73,1200.56
NYC GEOG DIST # 6 - MANHATTAN,GREGORIO LUPERON HS-SCI & MATH,Good,1,23021.91,6233.66,1457.26,3853.56,0.0,1160.83,581.64,597.27,299.26,1118.68
NYC GEOG DIST # 6 - MANHATTAN,HIGH SCHOOL-HEALTH CAREERS & SCIES,Good,1,28153.8,7766.68,1983.16,4885.19,38.19,1493.53,748.33,892.73,447.31,2178.91
NYC GEOG DIST # 6 - MANHATTAN,HIGH SCHOOL-LAW & PUBLIC SERVICE,Good,1,26522.38,6508.93,2481.12,4504.49,114.53,1589.24,796.29,964.13,483.08,1360.81
NYC GEOG DIST # 6 - MANHATTAN,HIGH SCHOOL-MEDIA & COMMUNICATIONS,CSI,1,29705.32,6945.53,2115.52,4540.06,0.8,1704.11,853.85,1550.01,776.64,3499.05
NYC GEOG DIST # 6 - MANHATTAN,HS-EXCELLENCE AND INNOVATION,Good,1,36085.56,11451.45,2478.74,6979.76,27.9,1585.46,794.4,744.97,373.27,3929.85
NYC GEOG DIST # 6 - MANHATTAN,INWOOD EARLY COLLEGE FOR HEALTH-INFO,Good,1,26250.32,7332.6,2180.41,4766.52,31.69,1113.66,558.0,682.14,341.79,1523.76
NYC GEOG DIST # 6 - MANHATTAN,WASHINGTON HGTS EXPEDITIONARY LEARN,Good,1,24038.81,6396.61,2035.96,4225.16,200.62,696.22,348.84,567.58,284.39,1563.66
NYC GEOG DIST # 7 - BRONX,ALFRED E SMITH CAREER-TECH HS,Good,1,29496.97,8508.43,2047.6,5289.13,0.0,1879.0,941.48,1378.42,690.66,1042.49
NYC GEOG DIST # 7 - BRONX,BRONX DESIGN-CONSTRUCTION ACADEMY,Target,1,34133.16,11273.02,2214.23,6757.83,0.0,1491.64,747.39,1852.93,928.41,1147.95
NYC GEOG DIST # 7 - BRONX,BRONX HAVEN HIGH SCHOOL,Target,1,33741.83,10584.09,1592.36,6101.04,25.47,2802.73,1404.32,1356.68,679.77,1475.61
NYC GEOG DIST # 7 - BRONX,BRONX LEADERSHIP ACAD II HIGH SCHOOL,Good,1,25931.23,7064.9,2296.98,4690.8,0.0,1162.38,582.41,746.37,373.97,1293.67
NYC GEOG DIST # 7 - BRONX,CAREERS IN SPORTS HS,Good,1,25602.15,7394.19,1673.31,4543.3,0.0,925.81,463.88,567.75,284.47,2029.68
NYC GEOG DIST # 7 - BRONX,COMMUNITY SCHOOL-SOCIAL JUSTICE,Good,1,25742.07,6438.2,1812.44,4134.01,218.66,1426.26,714.63,1317.13,659.95,1301.03
NYC GEOG DIST # 7 - BRONX,HEALTH OPPORTUNITIES HIGH SCHOOL,Target,1,27565.55,7736.9,1804.79,4780.89,153.58,1672.92,838.22,943.26,472.62,1442.6
NYC GEOG DIST # 7 - BRONX,HERO HIGH SCHOOL,Good,1,25346.43,7361.72,1804.78,4592.9,97.74,913.23,457.58,430.09,215.5,1753.15
NYC GEOG DIST # 7 - BRONX,HOSTOS-LINCOLN ACADEMY OF SCIENCE,Good,1,21871.31,6094.82,1386.61,3748.59,207.02,872.02,436.93,358.64,179.7,867.21
NYC GEOG DIST # 7 - BRONX,INTERNATIONAL COMMUNITY HS,Good,1,27550.94,7354.16,2562.9,4968.97,314.72,896.52,449.2,1205.23,603.88,1475.59
NYC GEOG DIST # 7 - BRONX,JILL CHAIFETZ TRANSFER HIGH SCHOOL,CSI,1,35896.78,10780.42,2015.93,6411.65,0.0,2177.46,1091.03,565.71,283.45,4851.35
NYC GEOG DIST # 7 - BRONX,LAB SCHOOL OF FIN & TECH: X223,Good,1,21840.54,5836.32,1006.64,3428.69,241.21,815.8,408.76,366.45,183.61,1833.31
NYC GEOG DIST # 7 - BRONX,MOTT HAVEN VILLAGE PREP HS,CSI,1,28930.27,8089.06,2518.91,5315.15,0.0,1911.39,957.71,887.77,444.82,1085.7
NYC GEOG DIST # 7 - BRONX,SOUTH BRONX PREPARATORY,Good,1,23346.61,6058.23,1650.38,3862.42,0.0,1156.54,579.49,495.01,248.03,1576.74
NYC GEOG DIST # 7 - BRONX,UNIVERSITY HEIGHTS SECONDARY SCHOOL,Good,1,20613.78,4463.32,1221.51,2848.4,0.0,842.14,421.95,1150.7,576.56,1369.43
NYC GEOG DIST # 7 - BRONX,URBAN ASSEMBLY BRONX OF LETTERS,Good,1,25447.15,7465.22,1984.21,4734.66,0.0,745.2,373.39,816.81,409.27,1198.63
NYC GEOG DIST # 8 - BRONX,ANTONIA PANTOJA PREP ACADEMY,Good,1,27719.76,8500.5,2515.38,5519.54,0.0,880.01,440.93,865.69,433.76,844.21
NYC GEOG DIST # 8 - BRONX,"ARCHIMEDES ACAD-MATH, SCI, TECH",Good,1,24793.28,7148.82,2161.49,4664.96,0.0,1028.14,515.15,633.08,317.21,604.68
NYC GEOG DIST # 8 - BRONX,BRONX ARENA HIGH SCHOOL,CSI,1,35915.86,12487.9,2601.62,7560.64,0.0,2756.54,1381.17,409.93,205.4,792.9
NYC GEOG DIST # 8 - BRONX,BRONX BRIDGES HIGH SCHOOL,Good,1,27602.65,6978.93,2062.07,4530.02,85.2,1455.98,729.52,1260.08,631.37,2149.74
NYC GEOG DIST # 8 - BRONX,BRONX COMMUNITY HIGH SCHOOL,Target,1,41589.29,15176.01,1916.24,8564.13,0.0,3385.43,1696.28,1546.53,774.9,810.0
NYC GEOG DIST # 8 - BRONX,BRONX COMPASS HIGH SCHOOL,Good,1,27429.73,7196.88,2134.66,4675.6,55.56,1577.91,790.62,1073.56,537.91,1667.28
NYC GEOG DIST # 8 - BRONX,BRONX RIVER HIGH SCHOOL,Good,1,24412.05,6797.69,1498.97,4157.07,76.62,984.36,493.22,949.99,476.0,1258.38
NYC GEOG DIST # 8 - BRONX,BRONX STUDIO SCHOOL-WRITERS-ARTISTS,Good,1,25649.63,6711.33,1553.99,4141.36,187.95,910.13,456.02,1231.21,616.9,2120.96
NYC GEOG DIST # 8 - BRONX,GOTHAM COLLABORATIVE HIGH SCHOOL,CSI,1,34429.56,10653.75,2791.83,6736.95,72.23,1470.74,736.92,1488.63,745.88,2012.87
NYC GEOG DIST # 8 - BRONX,HERBERT H LEHMAN HIGH SCHOOL,CSI,1,25879.7,6759.21,1991.74,4384.69,5.05,895.68,448.79,1156.69,579.56,1938.54
NYC GEOG DIST # 8 - BRONX,LONGWOOD PREPARATORY ACADEMY,CSI,1,29294.04,7006.3,2466.93,4746.59,230.64,1287.27,644.99,946.46,474.23,3770.86
NYC GEOG DIST # 8 - BRONX,MILLENIUM ART ACADEMY,Good,1,28469.53,8500.59,2009.06,5265.89,121.21,1260.77,631.71,827.13,414.43,1718.99
NYC GEOG DIST # 8 - BRONX,PELHAM LAB HIGH SCHOOL,Good,1,24586.8,7360.91,1493.33,4436.45,54.94,1020.41,511.28,871.19,436.51,682.01
NYC GEOG DIST # 8 - BRONX,RENAISSANCE HIGH SCHOOL-MTA,Good,1,22946.96,6159.78,1142.02,3658.59,63.55,1295.65,649.19,505.99,253.53,1498.91
NYC GEOG DIST # 8 - BRONX,SCHUYLERVILLE PREP HS,Good,1,23995.14,6649.87,1506.42,4086.73,5.01,1214.75,608.65,521.47,261.29,1421.19
NYC GEOG DIST # 8 - BRONX,WESTCHESTER SQUARE ACADEMY,Good,1,24849.26,6138.64,1648.37,3901.7,95.93,1005.97,504.05,1518.51,760.85,1555.47
NYC GEOG DIST # 8 - BRONX,WOMEN'S ACADEMY OF EXCELLENCE,Good,1,30923.9,10530.8,2089.53,6323.45,0.0,1743.39,873.53,616.21,308.75,718.47
NYC GEOG DIST # 9 - BRONX,ACADEMY-LANGUAGE AND TECHNOLOGY,Good,1,22977.94,5310.35,1137.43,3230.68,0.0,890.32,446.1,582.94,292.08,3368.29
NYC GEOG DIST # 9 - BRONX,BRONX CENTER FOR SCI & MATH,Good,1,23461.23,6427.61,1266.76,3855.28,52.23,1496.95,750.05,850.4,426.1,616.09
NYC GEOG DIST # 9 - BRONX,BRONX COLLEGIATE ACADEMY,Good,1,27048.74,6416.39,2268.18,4351.43,0.0,1332.06,667.43,1182.92,592.7,2517.86
NYC GEOG DIST # 9 - BRONX,BRONX EARLY COL ACAD-TEACH/LEARN,Target,1,22638.68,5629.36,1066.86,3355.16,41.09,828.77,415.26,415.99,208.43,2958.0
NYC GEOG DIST # 9 - BRONX,BRONX HIGH SCHOOL OF BUSINESS,Good,1,31945.27,8903.14,1975.95,5451.0,71.43,1447.36,725.2,2013.84,1009.04,2628.56
NYC GEOG DIST # 9 - BRONX,BRONX HS FOR MEDICAL SCIENCE,Good,1,25498.3,7606.37,1593.76,4609.75,3.62,1148.24,575.33,592.43,296.84,1352.21
NYC GEOG DIST # 9 - BRONX,BRONX INTERNATIONAL HIGH SCHOOL,Good,1,28530.66,8409.5,1872.83,5151.99,15.15,1731.42,867.53,891.68,446.78,1424.01
NYC GEOG DIST # 9 - BRONX,BRONX LEADERSHIP ACAD HIGH SCHOOL,Target,1,27709.85,6890.75,2047.48,4478.53,0.0,1178.36,590.42,1854.26,929.08,2021.2
NYC GEOG DIST # 9 - BRONX,"BRONX SCHOOL FOR LAW, GOV, JUSTICE",Good,1,23280.66,6429.9,1563.72,4005.23,2.39,719.02,360.27,627.65,314.48,1538.24
NYC GEOG DIST # 9 - BRONX,CLAREMONT INTERNATIONAL HS,Good,1,26128.61,6814.03,2155.41,4494.16,89.78,1011.54,506.83,798.08,399.88,2139.13
NYC GEOG DIST # 9 - BRONX,COMP MODEL SCH PROJECT MS 327,Good,1,23887.91,6503.47,1840.64,4180.84,0.0,856.83,429.32,798.69,400.19,1158.17
NYC GEOG DIST # 9 - BRONX,DREAMYARD PREPARATORY SCHOOL,Good,1,24179.63,6045.19,1148.56,3604.45,0.0,972.18,487.11,1050.0,526.1,2626.27
NYC GEOG DIST # 9 - BRONX,EAGLE ACADEMY FOR YOUNG MEN,CSI,1,25407.52,6619.65,2323.94,4481.21,129.98,1220.69,611.63,775.32,388.48,1136.85
NYC GEOG DIST # 9 - BRONX,EXIMIUS COLLEGE PREP ACADEMY,Good,1,23660.92,6565.2,1323.44,3952.62,0.0,1301.21,651.98,875.51,438.67,832.53
NYC GEOG DIST # 9 - BRONX,FREDERICK DOUGLASS ACAD III,CSI,1,29213.58,8692.47,1724.52,5219.46,109.9,1127.72,565.05,774.32,387.98,2892.4
NYC GEOG DIST # 9 - BRONX,HIGH SCHOOL-VIOLIN AND DANCE,Target,1,28090.3,7405.88,1444.98,4434.75,13.46,2506.24,1255.76,1667.03,835.27,807.16
NYC GEOG DIST # 9 - BRONX,MORRIS ACADEMY FOR COLLA STUDIES,Good,1,26320.05,6599.59,1817.33,4217.32,32.76,1291.82,647.27,721.4,361.46,2911.35
NYC GEOG DIST # 9 - BRONX,MOTT HALL BRONX HIGH SCHOOL,Good,1,23909.22,6574.64,1432.29,4011.89,74.25,1040.7,521.45,951.67,476.84,1105.73
NYC GEOG DIST # 9 - BRONX,NEW DIRECTIONS SECONDARY SCHOOL,CSI,1,37889.95,9817.89,4213.9,7030.67,0.0,2317.14,1161.01,2417.88,1211.49,2000.22
NYC GEOG DIST # 9 - BRONX,SCHOOL FOR EXCELLENCE,CSI,1,34373.55,10109.27,1946.55,6040.6,4.32,1796.83,900.3,3050.94,1528.68,1276.3
NYC GEOG DIST # 9 - BRONX,URBAN ASSMBLY SCHOOL-APPL MATH,Good,1,24726.36,7646.07,1456.71,4560.97,32.92,738.81,370.18,413.87,207.37,1579.69
NYC GEOG DIST # 9 - BRONX,VALIDUS PREP ACADEMY,CSI,1,25681.38,6477.6,2275.08,4385.55,26.79,1442.91,722.98,935.83,468.9,1225.98
NYC GEOG DIST # 9 - BRONX,YOUNG WOMEN'S LDSHP SCHOOL-BRONX,Good,1,22237.62,6088.54,1241.62,3672.8,82.93,782.16,391.9,310.69,155.67,1791.55
NYC GEOG DIST #10 - BRONX,BELMONT PREPARATORY HIGH SCHOOL,Good,1,24912.17,7557.38,1268.03,4422.0,7.54,897.71,449.8,1280.23,641.46,668.26
NYC GEOG DIST #10 - BRONX,BRONX ACAD FOR SOFTWARE ENGINEERING,Good,1,25879.36,7254.35,1524.72,4398.78,30.23,773.7,387.66,1434.22,718.62,1637.32
NYC GEOG DIST #10 - BRONX,BRONX COLLABORATIVE HIGH SCHOOL,CSI,1,25115.4,7311.67,1754.45,4542.61,106.82,870.88,436.36,844.15,422.96,1105.73
NYC GEOG DIST #10 - BRONX,BRONX ENG & TECH ACADEMY,Good,1,25783.11,8116.65,1157.75,4646.97,15.05,918.44,460.19,1037.82,520.0,1190.48
NYC GEOG DIST #10 - BRONX,BRONX HIGH SCHOOL OF SCIENCE,Good,1,17123.51,4394.47,579.35,2492.15,0.0,473.8,237.4,551.0,276.08,399.51
NYC GEOG DIST #10 - BRONX,BRONX HIGH SCHOOL-LAW & COMM SVC,Good,1,25565.82,7490.82,1602.26,4556.12,83.67,1174.37,588.42,1112.26,557.3,680.83
NYC GEOG DIST #10 - BRONX,BRONX SCHOOL OF LAW & FINANCE,Good,1,26529.33,6750.84,1681.91,4225.25,0.0,1396.42,699.68,2412.34,1208.71,434.4
NYC GEOG DIST #10 - BRONX,BRONX THEATRE HIGH SCHOOL,Good,1,25797.33,6912.06,2327.32,4629.42,0.0,1566.73,785.01,639.59,320.47,896.98
NYC GEOG DIST #10 - BRONX,CELIA CRUZ BRONX HS OF MUSIC,Good,1,24713.44,6674.87,2029.42,4361.31,0.0,1042.75,522.47,525.2,263.15,1574.51
NYC GEOG DIST #10 - BRONX,CROTONA INTERNATIONAL HS,Good,1,28835.99,6837.48,1917.95,4386.93,103.35,1570.74,787.02,897.49,449.69,4165.58
NYC GEOG DIST #10 - BRONX,DEWITT CLINTON HIGH SCHOOL,Target,1,26132.91,6909.95,1333.23,4130.27,19.54,1210.26,606.4,972.07,487.06,2744.36
NYC GEOG DIST #10 - BRONX,DISCOVERY HIGH SCHOOL,Good,1,22995.97,5811.97,1183.54,3505.12,0.0,1044.36,523.28,628.63,314.97,2264.35
NYC GEOG DIST #10 - BRONX,ENGLISH LANGUAGE LEARNERS-INTER SUPP,Good,1,32351.91,8981.28,2374.14,5689.67,28.94,1901.51,952.76,2348.17,1176.56,1179.12
NYC GEOG DIST #10 - BRONX,FORDHAM HS FOR THE ARTS,Good,1,22658.45,5450.64,1220.08,3342.38,100.0,922.19,462.07,836.9,419.33,2185.1
NYC GEOG DIST #10 - BRONX,FORDHAM LEADERSHIP ACADEMY,Good,1,23410.84,5669.05,990.89,3336.98,192.08,1041.95,522.07,633.27,317.3,2987.48
NYC GEOG DIST #10 - BRONX,HIGH SCHOOL-ENERGY AND TECHNOLOG,Good,1,27159.64,7516.04,1780.65,4658.13,0.0,1267.44,635.05,740.89,371.23,2470.44
NYC GEOG DIST #10 - BRONX,HS AMER STUDIES AT LEHMAN COLL,Good,1,21738.39,6942.2,713.44,3835.88,0.0,919.15,460.55,685.65,343.55,118.21
NYC GEOG DIST #10 - BRONX,HS FOR TEACHING AND PROFESSIONS,Good,1,30195.78,8247.18,2478.41,5374.09,15.06,1232.94,617.77,1331.9,667.35,2511.32
NYC GEOG DIST #10 - BRONX,IN-TECH ACADEMY (MS/HS 368),Good,1,23517.18,6974.57,1765.92,4379.45,20.99,682.22,341.83,625.29,313.3,693.86
NYC GEOG DIST #10 - BRONX,INTERNATIONAL SCHOOL-LIBERAL ARTS,Good,1,25316.61,8541.98,962.57,4762.28,46.86,932.72,467.34,534.24,267.68,1081.18
NYC GEOG DIST #10 - BRONX,KINGSBRIDGE INTERNATIONAL HS,Target,1,28530.8,8606.63,1774.62,5201.56,0.0,1340.25,671.54,1198.41,600.47,1417.57
NYC GEOG DIST #10 - BRONX,"KNOWLEDGE, POWER PREP ACAD INTER HS",Good,1,21415.17,5509.85,831.36,3177.28,95.11,1190.97,596.74,808.65,405.18,1080.25
NYC GEOG DIST #10 - BRONX,MARBLE HILL HS-INTRNTNL STUDIES,Good,1,24046.21,7081.17,1673.0,4386.3,0.0,1114.65,558.5,483.34,242.18,787.3
NYC GEOG DIST #10 - BRONX,MARIE CURIE HIGH SCHOOL-NURSING,Good,1,23922.49,7035.62,1188.31,4120.62,171.71,832.34,417.05,829.44,415.59,1192.05
NYC GEOG DIST #10 - BRONX,PULSE HIGH SCHOOL,CSI,1,34540.17,10419.92,4611.98,7531.78,0.0,1175.8,589.14,726.09,363.81,1401.89
NYC GEOG DIST #10 - BRONX,RIVERDALE/KINGSBRIDGE (MS/HS 141),Good,1,19845.16,5963.06,899.29,3438.4,15.23,502.78,251.92,496.31,248.68,309.72
NYC GEOG DIST #10 - BRONX,THEATRE ARTS PRODUCTION COMPANY,Good,1,25310.4,8019.75,1726.56,4883.42,0.0,826.17,413.96,521.64,261.37,937.77
NYC GEOG DIST #10 - BRONX,WEST BRONX ACAD FOR THE FUTURE,Target,1,24053.79,6938.42,1398.3,4177.14,9.31,959.67,480.85,752.38,376.98,1240.98
NYC GEOG DIST #10 - BRONX,WORLD VIEW HIGH SCHOOL,Good,1,23037.2,6155.86,1539.76,3855.91,13.8,970.39,486.21,696.94,349.2,1249.37
NYC GEOG DIST #11 - BRONX,ACAD-SCHOLARSHIP & ENTREPRENEURSHIP,Good,1,26166.24,7476.72,1536.87,4516.28,83.14,1373.34,688.11,1301.67,652.2,818.14
NYC GEOG DIST #11 - BRONX,ASTOR COLLEGIATE ACADEMY,Good,1,22548.34,6380.29,1246.67,3821.51,37.11,1033.35,517.76,441.98,221.45,1128.45
NYC GEOG DIST #11 - BRONX,BRONX ACADEMY OF HEALTH CAREERS,Good,1,21664.38,5940.44,834.74,3394.72,24.94,1224.44,613.51,596.44,298.85,1016.54
NYC GEOG DIST #11 - BRONX,BRONX AEROSPACE HIGH SCHOOL,Good,1,32764.99,10686.99,2250.74,6482.49,43.78,1794.79,899.28,1394.31,698.62,794.22
NYC GEOG DIST #11 - BRONX,BRONX HEALTH SCIENCES HIGH SCHOOL,Good,1,20113.74,5050.83,695.45,2879.19,0.0,1105.67,554.0,732.5,367.02,1009.34
NYC GEOG DIST #11 - BRONX,BRONX HIGH SCH-WRITING & COMM ARTS,Good,1,28661.63,7602.08,2201.74,4912.23,125.97,1922.08,963.06,1226.3,614.44,1373.97
NYC GEOG DIST #11 - BRONX,BRONX HIGH SCHOOL-VISUAL ARTS,Good,1,24491.75,6529.09,1713.06,4129.75,70.57,1128.82,565.6,879.43,440.64,1315.02
NYC GEOG DIST #11 - BRONX,BRONX LAB SCHOOL,Good,1,28045.04,9202.43,1411.45,5318.11,0.0,1523.69,763.45,1141.48,571.94,392.72
NYC GEOG DIST #11 - BRONX,BRONXDALE HIGH SCHOOL,Good,1,27943.39,8019.13,2175.51,5108.05,94.59,1010.14,506.13,768.91,385.27,2155.89
NYC GEOG DIST #11 - BRONX,BRONXWOOD PREP ACADEMY,Good,1,21969.61,6024.99,1136.85,3588.46,38.41,1333.51,668.16,632.72,317.02,509.73
NYC GEOG DIST #11 - BRONX,COLLEGIATE INST-MATH & SCIENCE,Good,1,20752.12,5515.07,778.98,3153.65,0.0,1035.77,518.98,586.53,293.88,1149.5
NYC GEOG DIST #11 - BRONX,HARRY S TRUMAN HIGH SCHOOL,Good,1,21310.71,5446.47,1193.27,3326.86,33.27,653.82,327.6,724.47,363.0,1522.2
NYC GEOG DIST #11 - BRONX,HIGH SCHOOL-COMPUTERS & TECHNOLOGY,Good,1,25448.5,7047.02,1926.32,4496.12,0.0,1236.47,619.53,984.14,493.11,926.03
NYC GEOG DIST #11 - BRONX,HIGH SCHOOL-CONTEMPORARY ARTS,Good,1,30295.64,9750.22,1862.5,5818.59,0.0,1504.49,753.83,1593.01,798.18,495.05
NYC GEOG DIST #11 - BRONX,HS FOR LANGUAGE-INNOVATION,Good,1,26438.86,6899.37,2009.66,4463.89,73.41,1342.98,672.91,1136.97,569.68,1550.22
NYC GEOG DIST #11 - BRONX,NEW WORLD HIGH SCHOOL,Good,1,22756.61,6071.29,1483.3,3785.25,19.23,1348.12,675.48,517.77,259.43,876.99
NYC GEOG DIST #11 - BRONX,PELHAM PREPARATORY ACADEMY,Good,1,21098.9,5848.06,973.54,3417.98,2.46,932.16,467.06,654.26,327.82,755.8
NYC GEOG DIST #12 - BRONX,ARTURO A SCHOMBURG SATELLITE-BRONX,Good,1,33748.34,9537.65,2963.41,6263.69,0.0,2349.24,1177.09,1860.34,932.13,945.02
NYC GEOG DIST #12 - BRONX,BRONX CAREER AND COLLEGE PREP HS,CSI,1,30872.31,7937.64,2712.82,5336.45,0.0,1236.05,619.33,1644.01,823.74,2842.51
NYC GEOG DIST #12 - BRONX,BRONX ENVISION ACADEMY,Good,1,27040.5,8317.58,1681.16,5009.89,5.33,1197.87,600.2,806.42,404.06,1298.24
NYC GEOG DIST #12 - BRONX,BRONX LATIN SCHOOL,Good,1,24445.57,7127.12,1186.39,4165.5,0.0,1112.66,557.5,775.12,388.38,1413.15
NYC GEOG DIST #12 - BRONX,CINEMA SCHOOL,Good,1,21734.41,5466.1,882.94,3181.2,0.0,1285.47,644.09,695.98,348.72,1510.15
NYC GEOG DIST #12 - BRONX,EAST BRONX ACADEMY-FUTURE,Good,1,27993.91,8862.34,2509.46,5697.87,38.6,736.32,368.94,556.76,278.97,1224.89
NYC GEOG DIST #12 - BRONX,EXPLORATIONS ACADEMY HS,Good,1,26908.4,8058.96,2005.39,5042.77,13.74,665.8,333.6,960.75,481.39,1626.24
NYC GEOG DIST #12 - BRONX,FANNIE LOU HAMER FREEDOM HS,Good,1,26323.36,6916.67,1992.62,4464.03,88.62,1250.94,626.79,1061.91,532.07,1669.94
NYC GEOG DIST #12 - BRONX,HIGH SCHOOL OF WORLD CULTURES,CSI,1,29893.96,8901.48,2186.79,5555.81,0.0,1241.98,622.29,1262.16,632.41,1771.28
NYC GEOG DIST #12 - BRONX,METROPOLITAN HIGH SCHOOL,CSI,1,44660.32,13764.17,3011.19,8405.35,50.31,2998.31,1502.31,2749.0,1377.4,3082.51
NYC GEOG DIST #12 - BRONX,METROPOLITAN SOUNDVIEW HS,Good,1,24989.79,7233.19,1447.51,4349.49,92.15,953.23,477.62,1137.36,569.88,1009.59
NYC GEOG DIST #12 - BRONX,MOTT HALL V,Good,1,24576.77,7164.34,1648.45,4415.67,88.8,848.0,424.89,798.63,400.15,1068.07
NYC GEOG DIST #12 - BRONX,PAN AMERICAN INTERNATIONAL HS,Good,1,26449.87,7675.98,1600.59,4648.05,0.0,1024.0,513.08,763.49,382.55,2122.38
NYC GEOG DIST #12 - BRONX,WINGS ACADEMY,CSI,1,26721.41,8440.82,1355.04,4908.24,0.0,1554.55,778.91,752.91,377.25,833.92
NYC GEOG DIST #13 - BROOKLYN,BEDFORD ACADEMY HIGH SCHOOL,Good,1,20801.2,5683.13,1211.1,3454.37,0.0,841.89,421.83,557.92,279.55,631.65
NYC GEOG DIST #13 - BROOKLYN,BENJAMIN BANNEKER ACADEMY,Good,1,19922.56,5308.98,1170.95,3246.79,0.0,706.96,354.22,428.71,214.81,771.38
NYC GEOG DIST #13 - BROOKLYN,BROOKLYN COMM ARTS-MEDIA HS,Good,1,24773.57,7911.09,1196.34,4563.3,5.58,654.83,328.1,730.31,365.92,1298.34
NYC GEOG DIST #13 - BROOKLYN,BROOKLYN HS-LEADERSHIP & COMMUNITY,CSI,1,41412.86,13324.97,1944.38,7650.75,38.8,4226.09,2117.5,1687.65,845.6,1857.36
NYC GEOG DIST #13 - BROOKLYN,BROOKLYN INTERNATIONAL HS,Good,1,24659.93,6690.3,1836.16,4272.21,0.0,958.71,480.36,877.75,439.8,1384.88
NYC GEOG DIST #13 - BROOKLYN,BROOKLYN TECHNICAL HS,Good,1,17253.36,4651.47,452.18,2557.2,0.0,274.99,137.78,470.72,235.86,753.39
NYC GEOG DIST #13 - BROOKLYN,CITY POLYTECHNIC HIGH SCHOOL,Good,1,22737.31,5797.16,1206.73,3509.32,4.62,1024.4,513.28,907.3,454.61,1600.13
NYC GEOG DIST #13 - BROOKLYN,DR SUSAN S MCKINNEY SS -ARTS,Good,1,28906.56,9531.85,2570.31,6063.82,0.0,733.31,367.43,814.55,408.13,697.39
NYC GEOG DIST #13 - BROOKLYN,GEORGE WESTINGHOUSE CAREER/TECH HS,Good,1,24500.95,6521.77,1414.99,3976.74,187.26,1092.97,547.63,1174.72,588.6,1276.51
NYC GEOG DIST #13 - BROOKLYN,GOTHAM PROFESSIONAL ARTS ACADEMY,Good,1,26521.26,6638.53,1839.61,4247.99,57.14,1003.32,502.71,1380.97,691.94,2439.29
NYC GEOG DIST #13 - BROOKLYN,SCIENCE SKILLS CENTER HIGH SCHOOL,Good,1,22042.97,6049.75,1049.49,3557.09,8.8,832.67,417.21,1029.14,515.65,863.4
NYC GEOG DIST #13 - BROOKLYN,URBAN ASSEMBLY INST OF MATH AND SCIE,Good,1,23010.57,6682.56,1191.83,3945.49,90.12,689.26,345.35,655.53,328.46,1362.2
NYC GEOG DIST #13 - BROOKLYN,URBAN ASSEMBLY SCHOOL-MUSIC-ARTS,Good,1,28900.44,6109.47,2432.61,4280.03,5.71,2756.19,1380.99,899.36,450.63,2865.68
NYC GEOG DIST #13 - BROOKLYN,URBAN ASSMBLY SCH-LAW & JSTCE,Good,1,21789.98,6006.57,1716.84,3869.84,1.97,647.15,324.26,471.59,236.29,795.7
NYC GEOG DIST #14 - BROOKLYN,A-TECH HIGH SCHOOL,Good,1,32050.35,9038.17,2162.82,5612.29,694.56,1140.87,571.64,1352.44,677.64,3080.16
NYC GEOG DIST #14 - BROOKLYN,BROOKLYN LATIN SCHOOL,Good,1,18100.75,4656.01,558.07,2612.53,15.95,583.0,292.11,611.92,306.61,744.79
NYC GEOG DIST #14 - BROOKLYN,BROOKLYN PREPARATORY HS,Good,1,20873.73,5863.67,861.93,3369.88,26.42,890.42,446.15,581.83,291.53,822.13
NYC GEOG DIST #14 - BROOKLYN,EAST WILLIAMSBURG SCHOLARS,Good,1,26313.08,7276.96,2371.88,4834.58,92.88,1628.23,815.83,554.84,278.0,740.12
NYC GEOG DIST #14 - BROOKLYN,EL PUENTE ACAD FOR PEACE AND JUSTICE,Good,1,27045.44,8019.62,1222.03,4630.55,0.0,1425.31,714.15,1525.68,764.45,1023.88
NYC GEOG DIST #14 - BROOKLYN,"HIGH SCHOOL-ENTERPRISE, BUS & TECH",Good,1,21916.12,6330.66,889.71,3617.78,26.84,1069.01,535.63,475.55,238.27,1012.9
NYC GEOG DIST #14 - BROOKLYN,JUAN MOREL CAMPOS SECONDARY SCHOOL,Good,1,33367.28,9882.39,3574.32,6742.53,0.0,943.81,472.9,928.77,465.36,2637.42
NYC GEOG DIST #14 - BROOKLYN,LYONS COMMUNITY SCHOOL,CSI,1,27468.04,9257.92,1475.42,5377.97,0.0,719.5,360.51,1087.76,545.03,924.17
NYC GEOG DIST #14 - BROOKLYN,PROGRESS HS-PROFESSIONAL CAREERS,Good,1,26082.25,7143.66,1686.18,4424.22,0.0,1452.88,727.97,1493.8,748.47,685.31
NYC GEOG DIST #14 - BROOKLYN,WILLAMSBURG HS-ARCH & DESIGN,Good,1,23423.37,5358.37,1794.41,3583.92,207.88,1073.38,537.82,1148.78,575.6,1423.45
NYC GEOG DIST #14 - BROOKLYN,WILLIAMSBURG HS-ART-TECH,Good,1,25884.51,6280.35,1965.32,4131.51,91.61,871.91,436.87,942.75,472.37,2972.06
NYC GEOG DIST #14 - BROOKLYN,WILLIAMSBURG PREPARATORY SCHOOL,Good,1,21324.9,6319.66,921.48,3628.19,0.0,880.49,441.17,289.56,145.08,979.5
NYC GEOG DIST #14 - BROOKLYN,YOUNG WOMENS LEADERSHIP SCH-BROOKLY,Good,1,22949.52,6059.45,1550.88,3813.18,63.66,1229.97,616.28,451.4,226.18,1218.75
NYC GEOG DIST #15 - BROOKLYN,BOERUM HILL SCHOOL FOR INTERNATIONAL,Target,1,22203.93,6342.01,1691.0,4024.96,60.3,803.28,402.48,303.72,152.18,704.24
NYC GEOG DIST #15 - BROOKLYN,BROOKLYN COLLABORATIVE STUDIES,CSI,1,25142.4,7495.49,2529.49,5023.04,0.0,450.92,225.93,821.22,411.47,465.07
NYC GEOG DIST #15 - BROOKLYN,BROOKLYN FRONTIERS HS,Good,1,33105.63,11986.08,523.31,6267.87,0.0,2836.67,1421.32,713.78,357.64,1279.2
NYC GEOG DIST #15 - BROOKLYN,BROOKLYN HIGH SCHOOL OF THE ARTS,Good,1,21177.7,6229.02,796.04,3519.93,0.0,656.25,328.82,646.32,323.84,957.72
NYC GEOG DIST #15 - BROOKLYN,COBBLE HILL SCHOOL-AMERICAN STUDIES,Good,1,25028.96,6029.87,1583.34,3814.62,2.11,1340.02,671.42,849.59,425.69,2592.53
NYC GEOG DIST #15 - BROOKLYN,CYBERARTS STUDIO ACADEMY,Good,1,27803.97,7505.89,2631.66,5079.45,123.71,1478.24,740.67,1075.7,538.98,909.9
NYC GEOG DIST #15 - BROOKLYN,DIGITAL ARTS AND CINEMA TECH HS,Good,1,23995.52,5989.51,1663.51,3834.57,55.11,970.66,486.35,742.55,372.06,2161.44
NYC GEOG DIST #15 - BROOKLYN,JOHN JAY SCHOOL FOR LAW,Good,1,21518.18,5375.18,1046.33,3217.52,130.3,998.97,500.54,580.65,290.94,1657.99
NYC GEOG DIST #15 - BROOKLYN,KHALIL GIBRAN INTERNATIONAL ACADEMY,Good,1,32706.91,10611.35,2015.3,6326.62,13.25,2136.1,1070.3,1315.64,659.21,839.38
NYC GEOG DIST #15 - BROOKLYN,MILLENNIUM BROOKLYN HIGH SCHOOL,Good,1,24914.36,7919.66,1362.45,4650.83,50.35,897.13,449.51,602.64,301.95,960.08
NYC GEOG DIST #15 - BROOKLYN,PARK SLOPE COLLEGIATE,Good,1,22672.12,6846.22,1478.65,4171.2,21.9,658.01,329.7,573.9,287.55,585.22
NYC GEOG DIST #15 - BROOKLYN,SOUTH BROOKLYN COMM HIGH SCHOOL,CSI,1,35102.27,10126.47,1891.32,6021.54,0.0,3276.5,1641.7,2480.99,1243.1,700.9
NYC GEOG DIST #15 - BROOKLYN,SUNSET PARK HIGH SCHOOL,Good,1,22624.83,6832.36,1099.77,3974.41,3.83,663.71,332.56,567.87,284.53,1146.02
NYC GEOG DIST #16 - BROOKLYN,BOYS AND GIRLS HIGH SCHOOL,Good,1,30683.52,8543.41,2318.58,5442.43,13.33,1404.26,703.61,1728.37,866.0,1943.77
NYC GEOG DIST #16 - BROOKLYN,BROOKLYN HIGH SCHOOL-LAW AND TECH,Good,1,20435.93,5600.25,1176.39,3395.46,10.54,751.2,376.39,500.94,251.0,653.98
NYC GEOG DIST #16 - BROOKLYN,BROOKYLN ACADEMY OF GLOBAL FINANCE,Good,1,34298.77,8588.87,1713.74,5162.15,344.02,2529.91,1267.62,1659.47,831.48,4481.75
NYC GEOG DIST #16 - BROOKLYN,NELSON MANDELA HIGH SCHOOL,Good,1,31405.0,11533.3,1462.81,6511.74,24.45,1189.14,595.83,1234.86,618.73,514.38
NYC GEOG DIST #17 - BROOKLYN,ACAD FOR COLLEGE PREP AND CAREER EXP,CSI,1,24138.84,5764.27,2065.97,3923.37,0.0,1887.12,945.55,737.27,369.41,726.12
NYC GEOG DIST #17 - BROOKLYN,ACADEMY FOR HEALTH CAREERS,Good,1,23770.0,6852.44,1076.76,3972.94,63.89,1324.47,663.63,439.29,220.11,1436.72
NYC GEOG DIST #17 - BROOKLYN,ACADEMY OF HOSPITALITY AND TOURISM,Good,1,25929.04,6063.78,2788.06,4435.24,0.0,1542.88,773.06,434.95,217.93,1953.38
NYC GEOG DIST #17 - BROOKLYN,ASPIRATIONS DIPLOMA PLUS HS,Good,1,35683.45,11705.95,1315.65,6524.51,0.0,3687.66,1847.71,1620.15,811.78,450.27
NYC GEOG DIST #17 - BROOKLYN,BROOKLYN ACADEMY OF SCI & ENVIRON,Good,1,23803.91,6636.43,1278.92,3966.01,0.0,962.59,482.31,1417.51,710.25,630.13
NYC GEOG DIST #17 - BROOKLYN,BROOKLYN INSTITUTE FOR LIBERAL ARTS,Good,1,20603.8,4271.09,1132.44,2707.46,27.06,1200.7,601.61,674.2,337.81,1931.66
NYC GEOG DIST #17 - BROOKLYN,BROOKLYN SCHOOL FOR MUSIC & THEATER,Good,1,23444.53,5794.49,1563.84,3686.91,9.41,1621.03,812.22,685.05,343.24,1208.57
NYC GEOG DIST #17 - BROOKLYN,CLARA BARTON HIGH SCHOOL,Good,1,23574.41,5786.21,2029.11,3915.89,0.0,936.36,469.17,822.86,412.3,1482.77
NYC GEOG DIST #17 - BROOKLYN,HIGH SCHOOL FOR GLOBAL CITIZENSHIP,Good,1,22868.34,5499.69,2603.1,4059.92,72.18,868.16,435.0,450.01,225.48,935.04
NYC GEOG DIST #17 - BROOKLYN,HIGH SCHOOL-SERVICE & LEARNING,Good,1,26339.08,6929.43,2405.7,4677.39,13.41,1763.56,883.64,911.59,456.75,577.84
NYC GEOG DIST #17 - BROOKLYN,HIGH SCHOOL-YOUTH & COMM DEVELOPMENT,Good,1,25237.38,5366.0,2550.01,3966.34,53.51,1461.1,732.09,1296.24,649.48,1442.85
NYC GEOG DIST #17 - BROOKLYN,HS FOR PUBLIC SERVICE-HEROES OF TOM,Good,1,21546.33,5494.35,1633.32,3571.34,0.0,1000.66,501.39,378.35,189.57,1057.6
NYC GEOG DIST #17 - BROOKLYN,INTERNTL HS AT PROSPECT HGHTS,Target,1,30644.74,9142.99,2284.15,5725.6,3.57,1671.72,837.62,1340.53,671.68,1247.12
NYC GEOG DIST #17 - BROOKLYN,MEDGAR EVERS COLLEGE PREP SCHOOL,Good,1,17739.14,4593.79,612.95,2608.85,0.0,770.3,385.96,130.62,65.45,851.45
NYC GEOG DIST #17 - BROOKLYN,PATHWAYS TECH EARLY COLLEGE HS,Good,1,22491.28,6301.6,1228.33,3772.9,14.89,1300.53,651.64,850.98,426.38,224.26
NYC GEOG DIST #17 - BROOKLYN,SCHOOL FOR HUMAN RIGHTS,Good,1,28990.87,8326.68,2333.82,5341.48,121.55,1040.3,521.24,1512.57,757.88,1315.59
NYC GEOG DIST #17 - BROOKLYN,"SCIENCE, TECH & RESEARCH EARLY COLLE",Good,1,20271.14,5158.0,1430.78,3301.33,0.0,993.13,497.61,328.61,164.65,677.26
NYC GEOG DIST #18 - BROOKLYN,ACAD FOR CONSERVATION & ENVIRONMENT,Good,1,22841.78,5728.9,1871.88,3808.39,3.1,1405.56,704.26,364.2,182.49,1053.24
NYC GEOG DIST #18 - BROOKLYN,BROOKLYN BRIDGE ACADEMY,Good,1,36853.98,11727.94,3399.36,7579.57,43.65,2577.27,1291.35,1307.4,655.07,552.61
NYC GEOG DIST #18 - BROOKLYN,BROOKLYN COMMUNITY HS-EXCEL-EQUITY,Good,1,31324.05,7882.31,2302.75,5103.25,0.0,1539.34,771.29,2103.27,1053.85,2848.23
NYC GEOG DIST #18 - BROOKLYN,BROOKLYN THEATRE ARTS HIGH SCHOOL,Good,1,26587.96,8622.88,1402.3,5023.14,23.44,1623.06,813.24,514.52,257.8,587.83
NYC GEOG DIST #18 - BROOKLYN,CULTURAL ACADEMY-ARTS AND SCIENCES,Good,1,32832.68,9904.28,2432.68,6181.47,60.9,2237.55,1121.13,650.98,326.18,2197.76
NYC GEOG DIST #18 - BROOKLYN,EAST BROOKLYN COMMUNITY HS,Good,1,38167.91,11848.83,1377.96,6627.32,48.15,1874.37,939.16,1758.78,881.24,5092.34
NYC GEOG DIST #18 - BROOKLYN,HIGH SCHOOL FOR MEDICAL PROFESSIONS,Good,1,21643.58,5607.51,1424.23,3523.28,0.0,988.24,495.16,633.45,317.39,934.54
NYC GEOG DIST #18 - BROOKLYN,HS FOR INNOVATION -ADVERTISING/MEDIA,Good,1,30885.81,9391.75,2238.62,5827.43,0.0,2368.18,1186.58,626.65,313.98,1212.86
NYC GEOG DIST #18 - BROOKLYN,IT TAKES A VILLAGE ACADEMY,Good,1,25563.44,6880.38,2107.11,4503.21,23.24,972.12,487.08,1275.93,639.31,955.29
NYC GEOG DIST #18 - BROOKLYN,KURT HAHN EXPEDITIONARY LRNING SCH,Good,1,29500.77,8112.47,2692.78,5414.0,110.68,1363.68,683.28,1456.82,729.94,1217.35
NYC GEOG DIST #18 - BROOKLYN,OLYMPUS ACADEMY,CSI,1,33761.31,9304.84,2993.59,6162.16,0.0,2170.1,1087.34,1450.38,726.72,2146.41
NYC GEOG DIST #18 - BROOKLYN,URBAN ACTION ACADEMY,Target,1,34966.29,11126.78,3202.53,7179.74,360.88,2468.61,1236.9,655.34,328.36,687.39
NYC GEOG DIST #18 - BROOKLYN,VICTORY COLLEGIATE HIGH SCHOOL,Good,1,26796.83,8770.1,2349.88,5571.7,3.87,1139.0,570.7,334.37,167.54,169.92
NYC GEOG DIST #19 - BROOKLYN,ACADEMY FOR YOUNG WRITERS,Target,1,26232.89,7557.19,2109.54,4843.54,9.47,1027.98,515.07,581.32,291.27,1577.73
NYC GEOG DIST #19 - BROOKLYN,ACADEMY OF INNOVATIVE TECHNOLOGY,Good,1,23884.98,6995.91,986.74,3999.73,0.0,1002.64,502.37,728.8,365.16,1583.87
NYC GEOG DIST #19 - BROOKLYN,BROOKLYN LAB SCHOOL,Target,1,28148.66,8089.46,2064.26,5087.55,120.04,1484.24,743.68,1044.41,523.3,1271.97
NYC GEOG DIST #19 - BROOKLYN,CYPRESS HILLS COLLEGIATE PREP SCHOOL,Good,1,24212.28,6197.37,1130.11,3671.46,85.87,1154.38,578.41,549.05,275.1,2850.77
NYC GEOG DIST #19 - BROOKLYN,EAST NEW YORK FAMILY ACADEMY,Good,1,24643.62,7353.36,1923.39,4648.14,3.25,644.53,322.94,597.21,299.23,1131.8
NYC GEOG DIST #19 - BROOKLYN,EAST NY ARTS-CIVICS HIGH SCHOOL,CSI,1,23730.81,6807.4,596.2,3709.59,0.0,2047.41,1025.86,582.48,291.85,950.27
NYC GEOG DIST #19 - BROOKLYN,FDNY-CAPTAIN VERNON A RICHARDS HS,Good,1,28124.3,6514.31,3277.35,4906.14,46.3,1340.08,671.45,1312.65,657.71,1678.57
NYC GEOG DIST #19 - BROOKLYN,HIGH SCHOOL FOR CIVIL RIGHTS,CSI,1,32932.66,10287.78,2666.4,6490.73,136.61,2428.72,1216.92,419.18,210.03,1356.53
NYC GEOG DIST #19 - BROOKLYN,MULTICULTURAL HIGH SCHOOL,Good,1,29233.91,6924.8,2100.92,4522.36,245.68,1205.67,604.11,888.12,445.0,4577.5
NYC GEOG DIST #19 - BROOKLYN,PERFORMING ARTS & TECH HS,Good,1,23331.81,6573.24,1447.9,4019.01,2.88,1325.19,663.99,531.95,266.54,781.35
NYC GEOG DIST #19 - BROOKLYN,SCHOOL FOR CLASSICS HIGH SCHOOL,Good,1,28457.95,8930.12,1961.17,5457.11,0.0,1240.76,621.69,838.43,420.1,1268.8
NYC GEOG DIST #19 - BROOKLYN,SPRING CREEK COMMUNITY SCHOOL,Good,1,25977.02,8284.27,1270.06,4787.22,1.83,871.08,436.45,569.58,285.39,1751.39
NYC GEOG DIST #19 - BROOKLYN,TRANSIT TECH CAREER AND TECHNICAL,Good,1,25284.35,7247.64,2071.16,4669.21,1.36,901.72,451.81,649.55,325.46,1246.69
NYC GEOG DIST #19 - BROOKLYN,URBAN ASSEMBLY-COLLABORATIVE HEALTHC,Good,1,23675.8,6419.52,1386.27,3911.12,103.19,1022.59,512.37,796.54,399.11,1405.32
NYC GEOG DIST #19 - BROOKLYN,W H MAXWELL CAREER AND TECH HS,Good,1,34951.38,10539.36,4733.52,7652.52,43.24,1148.23,575.32,892.41,447.15,1199.87
NYC GEOG DIST #19 - BROOKLYN,WORLD ACAD FOR TOTAL COM HEALTH,Target,1,32383.72,8812.54,3173.14,6005.46,20.87,2034.97,1019.63,1971.83,987.99,637.51
NYC GEOG DIST #20 - BROOKLYN,FORT HAMILTON HIGH SCHOOL,Good,1,19222.14,4831.77,1084.24,2964.23,0.46,457.55,229.26,597.98,299.62,1037.27
NYC GEOG DIST #20 - BROOKLYN,FRANKLIN D ROOSEVELT HS,Good,1,21228.39,5927.39,1196.78,3569.59,24.34,512.71,256.89,626.24,313.78,1080.9
NYC GEOG DIST #20 - BROOKLYN,HIGH SCHOOL OF TELECOMMUNICATION,Good,1,22365.37,5982.95,1588.49,3793.7,24.03,815.98,408.85,630.94,316.14,1084.53
NYC GEOG DIST #20 - BROOKLYN,NEW UTRECHT HIGH SCHOOL,Good,1,19536.57,5518.41,812.63,3172.19,0.0,475.33,238.17,663.7,332.55,603.82
NYC GEOG DIST #20 - BROOKLYN,URBAN ASSEMBLY SCHL-LEADER-EMPOWER,Good,1,21413.38,6485.41,920.63,3710.82,0.0,779.25,390.45,406.53,203.69,796.83
NYC GEOG DIST #21 - BROOKLYN,ABRAHAM LINCOLN HIGH SCHOOL,Good,1,21281.89,6149.46,1136.92,3650.86,0.0,694.34,347.9,715.58,358.54,508.51
NYC GEOG DIST #21 - BROOKLYN,BROOKLYN STUDIO SECONDARY SCHOOL,Good,1,23996.46,6552.54,2406.34,4488.87,8.28,893.59,447.74,581.57,291.4,606.36
NYC GEOG DIST #21 - BROOKLYN,EDWARD R MURROW HIGH SCHOOL,Good,1,20295.58,5521.53,1092.64,3314.05,0.0,525.95,263.53,519.48,260.29,1078.34
NYC GEOG DIST #21 - BROOKLYN,HIGH SCHOOL OF SPORTS MANAGEMENT,Good,1,23095.84,5748.51,1853.58,3809.05,0.0,1610.83,807.11,446.04,223.49,877.47
NYC GEOG DIST #21 - BROOKLYN,INTERNATIONAL HS-LAFAYETTE,Target,1,27585.4,7582.11,1272.46,4436.61,41.02,1538.09,770.66,1462.57,732.83,2029.3
NYC GEOG DIST #21 - BROOKLYN,JOHN DEWEY HIGH SCHOOL,Good,1,21147.27,5690.69,1491.01,3598.41,0.0,811.07,406.39,658.15,329.77,442.02
NYC GEOG DIST #21 - BROOKLYN,KINGSBOROUGH EARLY COLLEGE,Good,1,19810.85,4991.54,1842.21,3424.07,0.0,658.01,329.7,125.58,62.92,657.05
NYC GEOG DIST #21 - BROOKLYN,LEADERS HIGH SCHOOL,Good,1,23299.34,5990.76,1798.59,3902.88,281.42,843.15,422.46,1017.75,509.95,812.62
NYC GEOG DIST #21 - BROOKLYN,LIBERATION DIPLOMA PLUS,Good,1,31936.44,7720.72,2674.67,5208.64,636.46,1983.33,993.75,2116.64,1060.55,1821.93
NYC GEOG DIST #21 - BROOKLYN,LIFE ACAD HS FOR FILM AND MUSIC,Good,1,24961.0,6849.66,1514.72,4190.99,0.0,1774.52,889.13,889.48,445.68,687.08
NYC GEOG DIST #21 - BROOKLYN,RACHEL CARSON HS FOR COASTAL STUDIES,Good,1,22361.72,5761.98,1580.29,3678.86,0.0,1088.0,545.14,813.86,407.79,766.03
NYC GEOG DIST #21 - BROOKLYN,WILLIAM E GRADY CAREER AND TECH,Good,1,29809.18,7323.0,3732.24,5539.26,6.8,1302.52,652.63,1039.15,520.67,1973.13
NYC GEOG DIST #22 - BROOKLYN,BROOKLYN COLLEGE ACADEMY,Good,1,19030.85,4273.19,746.55,2515.15,9.0,1031.11,516.64,537.42,269.28,1412.75
NYC GEOG DIST #22 - BROOKLYN,JAMES MADISON HIGH SCHOOL,Good,1,19793.78,5449.67,1043.9,3253.62,0.0,423.32,212.11,592.74,296.99,801.67
NYC GEOG DIST #22 - BROOKLYN,LEON M GOLDSTEIN HIGH SCH-SCIENCES,Good,1,20363.09,5664.57,1678.28,3679.15,0.0,473.15,237.07,558.25,279.71,73.15
NYC GEOG DIST #22 - BROOKLYN,MIDWOOD HIGH SCHOOL,Good,1,18100.9,4722.24,590.13,2661.78,0.0,537.05,269.09,501.22,251.14,848.5
NYC GEOG DIST #22 - BROOKLYN,ORIGINS HIGH SCHOOL,Good,1,24727.69,7173.93,1226.01,4208.81,0.0,1070.19,536.22,1180.7,591.59,1020.47
NYC GEOG DIST #22 - BROOKLYN,PROFESSIONAL PATHWAYS HIGH SCHOOL,Good,1,29678.45,9014.6,1092.37,5064.13,0.0,1979.59,991.88,1322.07,662.43,1831.63
NYC GEOG DIST #23 - BROOKLYN,BROOKLYN COLLEGIATE,Good,1,26302.24,6370.78,2371.43,4380.31,0.0,1283.0,642.85,710.12,355.81,2468.18
NYC GEOG DIST #23 - BROOKLYN,BROOKLYN DEMOCRACY ACADEMY,Good,1,35504.86,11904.52,3103.21,7519.67,52.71,1412.14,707.56,1089.47,545.88,1449.93
NYC GEOG DIST #23 - BROOKLYN,EAGLE ACADEMY FOR YOUNG MEN II,Good,1,23693.42,6093.21,2300.45,4205.67,185.59,1229.95,616.27,227.99,114.23,1000.29
NYC GEOG DIST #23 - BROOKLYN,FREDERICK DOUGLASS ACADEMY VII,Target,1,32936.84,10514.13,2412.24,6476.8,80.0,2382.95,1193.99,719.06,360.29,1077.62
NYC GEOG DIST #23 - BROOKLYN,METROPOLITAN DIPLOMA PLUS HS,Good,1,28058.08,8512.94,1299.88,4916.74,0.0,1726.58,865.11,742.32,371.94,1902.79
NYC GEOG DIST #23 - BROOKLYN,TEACHERS PREPARATORY HIGH SCHOOL,Good,1,38328.69,12040.45,4492.86,8284.06,22.58,2226.27,1115.48,1171.61,587.04,668.57
NYC GEOG DIST #24 - QUEENS,ACADEMY-FINANCE & ENTERPRISE,Good,1,19493.96,5155.75,823.77,2996.06,4.05,881.54,441.7,459.36,230.16,781.8
NYC GEOG DIST #24 - QUEENS,AVIATION CAREER AND TECH ED HS,Good,1,22624.61,7287.89,1218.1,4261.95,0.0,667.09,334.25,473.94,237.47,424.15
NYC GEOG DIST #24 - QUEENS,BARD HS EARLY COLLEGE QUEENS,Good,1,20284.17,6257.37,702.35,3487.19,4.59,675.94,338.68,488.74,244.88,364.65
NYC GEOG DIST #24 - QUEENS,CIVIC LEADERSHIP ACADEMY,Good,1,20538.31,5548.03,1197.27,3379.75,0.0,721.26,361.39,404.21,202.53,1004.11
NYC GEOG DIST #24 - QUEENS,GROVER CLEVELAND HIGH SCHOOL,Good,1,23023.53,6572.44,1803.4,4196.74,0.0,860.09,430.95,748.0,374.79,317.37
NYC GEOG DIST #24 - QUEENS,HIGH SCHOOL FOR ARTS & BUSINESS,Good,1,22210.11,6268.12,1485.51,3884.98,0.0,1036.01,519.1,554.69,277.93,464.01
NYC GEOG DIST #24 - QUEENS,HS-APPLIED COMMUNICATIONS,Good,1,22406.4,6355.13,1418.54,3895.02,0.0,1219.0,610.78,528.24,264.68,395.25
NYC GEOG DIST #24 - QUEENS,INTERNATIONAL HS FOR HEALTH SCIENCES,CSI,1,25310.15,7649.65,897.03,4282.34,217.02,1285.95,644.33,786.29,393.97,1433.79
NYC GEOG DIST #24 - QUEENS,INTNTL HIGH SCHOOL AT LAGUARDIA,Good,1,22069.33,5608.42,1550.9,3587.19,0.0,919.67,460.8,341.59,171.15,1709.84
NYC GEOG DIST #24 - QUEENS,MASPETH HIGH SCHOOL,Good,1,18349.29,4651.1,999.0,2831.0,0.0,375.36,188.08,332.09,166.39,1086.51
NYC GEOG DIST #24 - QUEENS,MIDDLE COLLEGE HS AT LAGUARDIA,Good,1,20548.21,4440.41,1207.77,2830.04,0.0,925.47,463.71,1439.83,721.43,799.77
NYC GEOG DIST #24 - QUEENS,NEWTOWN HIGH SCHOOL,Good,1,22927.67,6478.8,1445.11,3970.3,4.29,1037.54,519.86,800.72,401.2,550.09
NYC GEOG DIST #24 - QUEENS,PAN AMERICAN INTERNATIONAL HS,Good,1,29472.27,7440.29,2059.47,4759.88,104.7,1439.23,721.13,1278.23,640.46,3309.11
NYC GEOG DIST #24 - QUEENS,QUEENS TECHNICAL HIGH SCHOOL,Good,1,22349.73,6450.18,1132.24,3799.19,0.0,765.47,383.54,493.17,247.1,1359.07
NYC GEOG DIST #24 - QUEENS,ROBERT F WAGNER JR SECONDARY,Good,1,20953.98,5953.76,1407.14,3688.2,0.0,722.61,362.06,401.01,200.93,498.51
NYC GEOG DIST #25 - QUEENS,EAST-WEST SCHOOL-INTERNATION STUDIES,Good,1,24623.14,7505.05,1555.2,4539.66,41.1,838.52,420.14,347.99,174.36,1481.36
NYC GEOG DIST #25 - QUEENS,FLUSHING HIGH SCHOOL,Target,1,22585.27,5840.39,1252.42,3553.87,2.12,951.68,476.84,572.18,286.69,1929.31
NYC GEOG DIST #25 - QUEENS,FLUSHING INTERNATIONAL HS,Target,1,25857.99,7420.12,1650.51,4544.86,11.06,721.26,361.39,722.81,362.17,2344.03
NYC GEOG DIST #25 - QUEENS,JOHN BOWNE HIGH SCHOOL,Good,1,20857.1,5831.94,1169.7,3508.19,3.35,573.16,287.18,676.45,338.94,748.41
NYC GEOG DIST #25 - QUEENS,NORTH QUEENS COMMUNITY HS,CSI,1,33565.98,11215.21,1271.03,6256.27,0.0,3167.49,1587.07,1130.95,566.67,651.53
NYC GEOG DIST #25 - QUEENS,QUEENS ACADEMY HIGH SCHOOL,Target,1,26367.59,6855.32,1881.61,4377.66,0.0,1430.7,716.86,913.95,457.94,2013.79
NYC GEOG DIST #25 - QUEENS,QUEENS HS FOR LANGUAGE STUDIES,Good,1,20262.33,5579.97,899.06,3246.33,11.24,936.34,469.16,619.47,310.39,470.61
NYC GEOG DIST #25 - QUEENS,QUEENS SCHOOL OF INQUIRY,Good,1,24128.44,6865.26,1198.31,4040.27,139.16,802.49,402.09,903.66,452.78,1604.65
NYC GEOG DIST #25 - QUEENS,ROBERT F KENNEDY COMMUNITY HS,Good,1,21111.02,6142.13,906.34,3531.65,9.13,809.77,405.74,832.41,417.08,337.0
NYC GEOG DIST #25 - QUEENS,TOWNSEND HARRIS HIGH SCHOOL,Good,1,19301.64,5431.2,775.66,3109.97,0.0,710.59,356.04,330.78,165.74,701.89
NYC GEOG DIST #25 - QUEENS,VERITAS ACADEMY,Good,1,22773.67,6620.68,1634.55,4136.31,1.31,778.72,390.18,497.37,249.21,745.59
NYC GEOG DIST #25 - QUEENS,WORLD JOURNALISM PREPARATORY,Good,1,22775.62,6255.59,2345.19,4309.44,2.08,754.01,377.8,497.34,249.2,265.21
NYC GEOG DIST #26 - QUEENS,BAYSIDE HIGH SCHOOL,Good,1,20031.83,5509.3,923.53,3223.19,0.0,566.18,283.69,726.88,364.21,715.08
NYC GEOG DIST #26 - QUEENS,BENJAMIN N CARDOZO HIGH SCHOOL,Good,1,18528.11,5556.84,722.13,3146.1,1.58,387.47,194.14,441.26,221.1,137.73
NYC GEOG DIST #26 - QUEENS,BUSINESS TECHNOLOGY EARLY COLLEGE HS,Good,1,21256.26,5106.23,1427.02,3273.51,51.95,879.3,440.58,675.92,338.67,1343.31
NYC GEOG DIST #26 - QUEENS,FRANCIS LEWIS HIGH SCHOOL,Good,1,19609.31,5548.18,1117.36,3339.79,0.0,334.48,167.59,535.28,268.21,578.67
NYC GEOG DIST #26 - QUEENS,MARTIN VAN BUREN HIGH SCHOOL,Good,1,23021.97,6326.12,1365.79,3854.05,19.86,1119.1,560.73,648.03,324.7,1083.82
NYC GEOG DIST #26 - QUEENS,QUEENS HIGH SCHOOL OF TEACHING,Good,1,21739.77,6187.18,1291.06,3746.99,109.6,778.9,390.27,680.48,340.95,494.58
NYC GEOG DIST #27 - QUEENS,ACADEMY OF MEDICAL TECHNOLOGY,Target,1,21278.26,6517.07,815.03,3673.77,4.85,800.6,401.14,306.66,153.65,885.71
NYC GEOG DIST #27 - QUEENS,AUGUST MARTIN HIGH SCHOOL,Good,1,27491.93,7396.8,1153.15,4283.98,6.77,1056.52,529.37,1390.54,696.73,3258.3
NYC GEOG DIST #27 - QUEENS,CHANNEL VIEW SCHOOL-RESEARCH,Good,1,23013.99,6368.87,1639.76,4012.75,152.52,681.23,341.33,589.29,295.27,1213.21
NYC GEOG DIST #27 - QUEENS,EPIC HIGH SCHOOL - NORTH,Good,1,22130.58,6003.7,1388.88,3704.07,0.0,722.44,361.98,771.24,386.43,1072.08
NYC GEOG DIST #27 - QUEENS,EPIC HIGH SCHOOL-SOUTH,Good,1,21763.92,5425.05,1094.6,3266.69,0.76,1182.7,592.6,556.09,278.63,1647.05
NYC GEOG DIST #27 - QUEENS,FREDERICK DOUGLASS ACAD VI HS,CSI,1,32477.45,10326.83,2036.92,6194.89,274.6,1550.69,776.98,1909.44,956.73,730.62
NYC GEOG DIST #27 - QUEENS,"HS FOR CON, TRADES, ENGINEER AND ARC",Good,1,21405.67,5972.16,1291.37,3639.42,48.93,541.56,271.35,414.81,207.84,1298.47
NYC GEOG DIST #27 - QUEENS,JOHN ADAMS HIGH SCHOOL,Good,1,22341.36,6383.69,1331.49,3865.72,11.77,555.84,278.51,761.48,381.54,1051.54
NYC GEOG DIST #27 - QUEENS,"QUEENS HS-INFOR, RESEARCH, TECH",Good,1,23543.59,6488.55,1291.44,3898.18,14.11,1220.24,611.41,696.48,348.97,1254.45
NYC GEOG DIST #27 - QUEENS,RICHMOND HILL HIGH SCHOOL,Good,1,24106.29,7020.74,1510.85,4274.78,18.54,1045.61,523.9,786.51,394.08,811.51
NYC GEOG DIST #27 - QUEENS,ROBERT H GODDARD HS-COMM/TECH,Good,1,20481.81,5890.89,716.39,3310.6,4.98,774.42,388.02,703.79,352.63,620.32
NYC GEOG DIST #27 - QUEENS,ROCKAWAY COLLEGIATE HIGH SCHOOL,Good,1,28403.04,8640.89,1808.76,5235.83,2.65,1234.73,618.66,841.8,421.79,1878.16
NYC GEOG DIST #27 - QUEENS,ROCKAWAY PARK HS-ENVIRONMENT SUSTAIN,Good,1,30378.28,8302.17,3096.6,5711.39,39.19,2062.69,1033.52,1080.83,541.55,790.59
NYC GEOG DIST #27 - QUEENS,SCHOLARS' ACADEMY,Good,1,19150.41,5419.04,894.85,3163.59,13.76,458.16,229.56,530.84,265.98,454.87
NYC GEOG DIST #28 - QUEENS,FOREST HILLS HIGH SCHOOL,Good,1,19387.66,5725.23,722.79,3230.8,2.22,449.58,225.26,529.47,265.29,517.25
NYC GEOG DIST #28 - QUEENS,HIGH SCHOOL-COMMUNITY LEADERSHIP,Good,1,20442.78,4840.69,690.17,2771.25,0.0,890.16,446.02,869.98,435.91,1778.84
NYC GEOG DIST #28 - QUEENS,HILLCREST HIGH SCHOOL,Good,1,19946.45,5625.5,1054.68,3347.12,0.0,583.81,292.52,630.23,315.78,377.05
NYC GEOG DIST #28 - QUEENS,HILLSIDE ARTS & LETTERS ACADEMY,Good,1,22149.06,6084.58,1019.5,3559.52,22.43,1061.34,531.79,815.22,408.47,926.46
NYC GEOG DIST #28 - QUEENS,HS-LAW ENFORCEMENT & PUB SAFETY,Good,1,22949.93,6026.85,1677.51,3860.29,0.0,1301.25,651.99,937.26,469.62,305.4
NYC GEOG DIST #28 - QUEENS,JAMAICA GATEWAY TO THE SCIENCES,Good,1,20571.02,5103.2,1250.95,3183.76,0.0,933.01,467.49,854.22,428.01,630.62
NYC GEOG DIST #28 - QUEENS,METROPOLITAN EXPEDITIONARY LRNING,Target,1,22380.96,6863.34,1252.65,4066.54,44.75,570.11,285.66,472.14,236.57,869.45
NYC GEOG DIST #28 - QUEENS,QUEENS COLLEGIATE,Good,1,22269.67,6245.4,1513.82,3887.78,14.77,996.64,499.37,561.88,281.53,548.73
NYC GEOG DIST #28 - QUEENS,QUEENS GATEWAY-HEALTH SCIENCES,Good,1,19761.05,5686.24,1045.32,3372.87,0.0,879.39,440.62,308.53,154.59,153.73
NYC GEOG DIST #28 - QUEENS,QUEENS HS -SCIENCES-YORK COLLEGE,Good,1,18467.91,4808.77,677.4,2748.86,100.43,959.14,480.58,299.92,150.28,522.76
NYC GEOG DIST #28 - QUEENS,QUEENS METROPOLITAN HIGH SCHOOL,Good,1,21212.02,6325.94,1209.36,3775.58,0.0,728.02,364.78,505.52,253.29,329.77
NYC GEOG DIST #28 - QUEENS,QUEENS SATELLITE HS-OPPORTUNITY,Good,1,30547.45,8453.89,1597.2,5036.13,994.54,2121.66,1063.07,1340.42,671.62,1549.15
NYC GEOG DIST #28 - QUEENS,THOMAS A EDISON CAREER-TECH HS,Good,1,20008.61,5342.5,990.92,3173.38,41.19,671.72,336.57,495.62,248.33,988.6
NYC GEOG DIST #28 - QUEENS,YORK EARLY COLLEGE ACADEMY,Good,1,18712.32,4541.42,755.86,2654.22,18.71,840.27,421.02,528.72,264.92,967.43
NYC GEOG DIST #28 - QUEENS,YOUNG WOMEN'S LRDSHP-QUEENS,Good,1,19208.58,5680.16,562.31,3127.8,0.0,784.49,393.07,202.83,101.63,636.53
NYC GEOG DIST #29 - QUEENS,"BENJAMIN FRANKLIN HS-FIN, INFO, TECH",Good,1,22192.19,6558.14,1378.21,3976.53,0.0,734.83,368.19,371.28,186.03,899.21
NYC GEOG DIST #29 - QUEENS,CAMBRIA HEIGHTS ACADEMY,Good,1,22980.79,6843.3,1081.05,3970.52,33.8,1299.35,651.04,434.83,217.88,729.27
NYC GEOG DIST #29 - QUEENS,EAGLE ACADEMY FOR YOUNG MEN III,CSI,1,24805.61,6811.62,2302.97,4566.89,0.0,1127.96,565.17,860.1,430.95,420.19
NYC GEOG DIST #29 - QUEENS,EXCELSIOR PREPARATORY HS,Good,1,20962.23,6428.67,728.02,3585.88,0.0,833.51,417.63,445.8,223.37,579.58
NYC GEOG DIST #29 - QUEENS,GEORGE WASHINGTON CARVER HS,Good,1,23543.37,6830.82,1419.19,4133.69,0.0,1048.71,525.46,1047.37,524.79,293.59
NYC GEOG DIST #29 - QUEENS,"HEALTH, ARTS, ROBOTICS AND TECHNOLOG",Good,1,22368.02,6039.62,1137.89,3596.31,138.89,949.89,475.94,570.4,285.8,1453.52
NYC GEOG DIST #29 - QUEENS,INSTITUTE FOR HEALTH PROFESSIONS,Good,1,22571.89,6333.79,1145.62,3747.58,178.94,950.21,476.1,440.07,220.5,1359.33
NYC GEOG DIST #29 - QUEENS,MATH/SCIENCE RESEARCH/TECH MAGNET,Good,1,24719.48,5944.14,1563.33,3761.64,159.3,1312.31,657.54,1378.57,690.74,1532.16
NYC GEOG DIST #29 - QUEENS,PATHWAYS COLLEGE PREPARATORY,Good,1,22281.32,6390.54,1722.63,4065.13,0.0,758.54,380.07,557.89,279.53,407.23
NYC GEOG DIST #29 - QUEENS,PREP ACADEMY FOR WRITERS,Good,1,21816.85,6529.1,1278.07,3911.81,0.0,882.96,442.41,346.65,173.69,532.4
NYC GEOG DIST #29 - QUEENS,QUEENS PREPARATORY ACADEMY,Good,1,27183.65,8167.77,1686.12,4937.32,13.34,1802.03,902.91,955.4,478.7,520.3
NYC GEOG DIST #30 - QUEENS,ACAD FOR CAREERS-TELEVISION-FILM,Good,1,22144.97,6103.52,1569.49,3844.59,6.77,749.05,375.31,703.07,352.27,721.13
NYC GEOG DIST #30 - QUEENS,ACADEMY OF AMERICAN STUDIES,Good,1,18061.52,4726.02,869.08,2803.44,0.0,835.35,418.55,337.73,169.22,182.36
NYC GEOG DIST #30 - QUEENS,BACCALAUREATE SCHOOL-GLOBAL ED,Good,1,20098.84,6206.05,1003.0,3612.12,0.0,769.61,385.61,176.78,88.57,137.34
NYC GEOG DIST #30 - QUEENS,ENERGY TECH HIGH SCHOOL,Good,1,23177.64,6552.49,1735.18,4152.56,5.76,759.39,380.49,772.23,386.93,712.84
NYC GEOG DIST #30 - QUEENS,FRANK SINATRA SCHOOL OF THE ARTS,Good,1,21637.06,6151.56,1417.07,3792.28,37.9,726.83,364.18,752.84,377.21,297.41
NYC GEOG DIST #30 - QUEENS,INFORMATION TECHNOLOGY HIGH SCHOOL,Good,1,21353.77,6186.0,1223.59,3712.6,27.92,626.96,314.14,790.6,396.13,356.07
NYC GEOG DIST #30 - QUEENS,LONG ISLAND CITY HIGH SCHOOL,Good,1,23373.66,6822.7,1261.45,4050.58,6.83,871.25,436.54,840.29,421.03,943.23
NYC GEOG DIST #30 - QUEENS,NEWCOMERS HIGH SCHOOL,Good,1,25039.38,8229.5,1545.46,4897.77,0.0,914.62,458.27,554.48,277.82,441.7
NYC GEOG DIST #30 - QUEENS,WILLIAM CULLEN BRYANT HIGH SCHOOL,Target,1,22364.88,5811.4,1401.31,3613.95,43.79,823.2,412.47,655.23,328.31,1555.46
NYC GEOG DIST #30 - QUEENS,YOUNG WOMENS LEADERSHIP SCHOOL,Good,1,19722.33,5671.98,1017.85,3351.96,56.25,519.47,260.28,204.19,102.31,818.28
NYC GEOG DIST #31 - STATEN ISLAND,CONCORD HIGH SCHOOL,Good,1,36446.16,13414.26,1553.16,7499.47,0.0,2302.23,1153.54,719.31,360.41,1724.02
NYC GEOG DIST #31 - STATEN ISLAND,CSI HS-INTERNATIONAL STUDIES,Good,1,20848.78,5443.95,1639.13,3549.0,15.78,655.12,328.25,857.02,429.41,211.36
NYC GEOG DIST #31 - STATEN ISLAND,CURTIS HIGH SCHOOL,Good,1,20862.18,5857.5,971.15,3421.52,23.92,760.38,380.99,621.23,311.27,794.47
NYC GEOG DIST #31 - STATEN ISLAND,EAGLE ACADEMY FOR YOUNG MEN,Good,1,28745.43,9144.16,3030.92,6100.36,0.0,825.0,413.37,583.43,292.33,636.1
NYC GEOG DIST #31 - STATEN ISLAND,GAYNOR MCCOWN EXPEDITIONARY LEARNING,Good,1,23714.28,6951.66,1921.36,4445.85,4.97,1012.64,507.39,641.27,321.31,188.08
NYC GEOG DIST #31 - STATEN ISLAND,MICHAEL J PETRIDES SCHOOL,Good,1,23625.46,6324.27,3298.32,4821.42,0.0,441.2,221.06,283.31,141.95,374.17
NYC GEOG DIST #31 - STATEN ISLAND,NEW DORP HIGH SCHOOL,Good,1,21761.1,5724.06,1777.62,3758.74,11.51,568.04,284.62,793.67,397.67,725.4
NYC GEOG DIST #31 - STATEN ISLAND,PORT RICHMOND HIGH SCHOOL,Good,1,24470.32,6534.41,1892.18,4222.17,17.63,903.69,452.79,824.59,413.16,1489.93
NYC GEOG DIST #31 - STATEN ISLAND,RALPH R MCKEE CAREER-TECH,Good,1,25468.45,6968.77,2656.63,4822.83,62.24,949.27,475.63,709.36,355.43,748.53
NYC GEOG DIST #31 - STATEN ISLAND,STATEN ISLAND TECHNICAL HS,Good,1,18481.53,4818.77,853.41,2842.06,5.98,708.14,354.82,502.35,251.7,424.54
NYC GEOG DIST #31 - STATEN ISLAND,SUSAN E WAGNER HIGH SCHOOL,Good,1,21441.49,5470.64,2390.24,3938.71,0.0,549.74,275.45,548.68,274.92,273.36
NYC GEOG DIST #31 - STATEN ISLAND,TOTTENVILLE HIGH SCHOOL,Good,1,20928.56,5654.83,1713.26,3691.8,19.7,444.03,222.48,573.35,287.28,602.06
NYC GEOG DIST #32 - BROOKLYN,ACADEMY FOR EXCELLENCE-LEADERSHIP,Good,1,31772.93,7690.25,3652.75,5683.44,4.97,1949.88,977.0,1830.2,917.03,1347.64
NYC GEOG DIST #32 - BROOKLYN,ACADEMY OF URBAN PLANNING-ENGINEERIN,Good,1,25184.2,6104.99,1653.85,3887.59,55.34,1178.59,590.54,1032.78,517.48,2443.28
NYC GEOG DIST #32 - BROOKLYN,ALL CITY LEADERSHIP SECONDARY,Good,1,20039.2,4441.87,1654.16,3054.43,44.08,921.73,461.84,212.16,106.3,1422.89
NYC GEOG DIST #32 - BROOKLYN,BROOKLYN SCHOOL FOR MATH AND RESEARC,Good,1,20618.62,5036.03,1078.77,3063.84,0.0,1199.95,601.24,600.5,300.88,1017.62
NYC GEOG DIST #32 - BROOKLYN,BROOKLYN SCHOOL FOR SOCIAL JUSTICE,Good,1,30127.33,8675.71,2564.31,5631.85,3.42,1630.11,816.77,1335.47,669.14,1080.78
NYC GEOG DIST #32 - BROOKLYN,BUSHWICK COMMUNITY HS,Good,1,36449.77,7242.7,1750.36,4506.0,0.0,4518.74,2264.12,3453.43,1730.35,3264.3
NYC GEOG DIST #32 - BROOKLYN,BUSHWICK LEADERS HS-ACAD EXCELL,CSI,1,27483.1,6705.58,2407.26,4566.02,65.25,1457.51,730.29,1100.81,551.57,2179.05
NYC GEOG DIST #32 - BROOKLYN,EBC HIGH SCHOOL-PUBLIC SERVICE,Good,1,24126.47,6938.53,1568.72,4262.58,3.24,950.93,476.46,875.3,438.57,892.37
